Rank,Score,Business Name,Owner,Phone,Response Time,Category,Website,Yelp URL,Why
1,5,Homey Property Care,Francisco Cisneros,(928) 388-7763,Unknown,Window Cleaning,,https://www.yelp.com/biz/homey-property-care-phoenix,"Perfect 5.0 rating with 8 reviews, owner name identified (Francisco Cisneros), phone number available - strong indicator"
2,5,Arizona Window Coverings Center,,(602) 223-1173,Not specified,Window Treatment Store,,,"Highly rated window treatment business with 214 reviews, established presence, excellent prospect for marketing services"
3,5,Goodman's Landscape Maintenance,Unknown,602-861-1144,Unknown,Landscaping,http://www.goodmanslandscape.com/,https://www.yelp.com/biz/goodmans-landscape-maintenance-llc-phoenix,"40+ years in business, established company with professional website, ROC licensed, ALCA member, serves both residential"
4,5,Phoenix Handyman Home Repair,Joe Vaughan,(602) 550-2139,"3+ hours (Single owner operation, available weekends for emergency)",Handyman & Home Repair,https://www.phoenixhandymanhomerepair.com/,,"5.0 star rating with 6 reviews, licensed & insured, single owner (Joe Vaughan) provides personal service, wide range of "
5,5,Streak Patrol,,(480) 869-0179,4 days,Window Cleaning,https://streakpatrol.com,https://www.yelp.com/biz/streak-patrol-phoenix-2,"Very slow response time of 4 days indicates poor lead management system, established business since 2012 with profession"
6,5,Doherty Bros Window Pros,,(602) 603-5337,4 days,Window Cleaning,,https://www.yelp.com/biz/doherty-bros-window-pros-phoenix,Extremely slow response time (4 days) indicates critical need for lead response automation and customer service improvem
7,5,Arizona Blinds Company,"Isaac (Design Consultant), Chris (Installer)",623-900-1316,"3+ hours (Extended hours Mon-Fri 8am-7pm, Sat 10am-5pm, but closed Sundays)",Window Treatments & Blinds,https://arizonablindscompany.com/locations/phoenix/,https://www.yelp.com/biz/arizona-blinds-company-phoenix,"Excellent ratings (4.9 overall, 4.8 Yelp, 5.0 Google), 90 reviews, licensed/bonded/insured, offers smart home automation"
8,5,Nevarez Landscape,,(480) 558-6293,2 days,Landscaping,https://nevarezlandscapeservices.com,https://www.yelp.com/biz/nevarez-landscape-phoenix,"Very slow response time (2 days) indicates high need for automation and lead management solutions, established business "
9,5,AZ Remodel Pros ,Brian G.,(602) 887-8792,1 day,Home Remodeling,azremodelpros.com,https://www.yelp.com/biz/az-remodel-pros-phoenix,"Professional website and active owner (Brian G.) who responds to reviews. Remodeling projects are complex, high-value, a"
10,5,AMS Landscaping,,(602) 944-0421,11 hours,Landscaping,azlawns.com,,"Established landscaping company since 1969 with 11-hour response time, perfect target for faster response marketing serv"
11,5,Good Times Plumbing & Restoration,Trenton M.,(480) 525-8095,2 hours,Plumbers,goodtimesrestoration.com,https://www.yelp.com/biz/good-times-plumbing-and-restoration-chandler-2,Excellent response time (2 hours) and professional website. Offers both plumbing AND restoration services indicating lar
12,5,Desert Diamond Air,Carlo C.,(602) 535-8988,2 hours,HVAC,desertdiamondhvac.com,https://www.yelp.com/biz/desert-diamond-air-phoenix,Excellent 2-hour response time and professional website. HVAC businesses have high-value jobs and need analytics for sea
13,5,Sal's Landscape Construction (already in ),Salvador G.,(602) 669-9410,2 hours,Landscapers,salslandscapeconstruction.com,https://www.yelp.com/biz/sal-s-landscape-construction-phoenix,Fast 2-hour response and website. 'Construction' in name suggests larger projects beyond basic maintenance. Complex proj
14,5,Goodman's Landscape,Not specified,(602) 861-1144,Not specified (assumed >2 hours),Landscaping,https://www.goodmanslandscape.com/,Not available - found via Google search,"Established company since 1984, licensed contractor, ALCA member, SLM certified green company, serves residential and co"
15,5,Miko LLC,Not specified,(602) 888-2826,Not specified (assumed >2 hours),General Contractor,https://mikollc.com/,Not available - found via Google search,"Licensed general contractor with multiple certifications, serves commercial/residential/government projects, design-buil"
16,5,Miko LLC,Not specified,(602) 888-2826,Not specified (assumed >2 hours),General Contractor,https://mikollc.com/,Not available - found via Google search,"Licensed general contractor with multiple certifications, serves commercial/residential/government, design-build company"
17,5,Envirogreen Landscape Design-Build,Unknown,Not found on website,30 minutes,Landscaping/Design,https://envirogreenaz.com,https://www.yelp.com/biz/envirogreen-landscape-design-build-scottsdale,"Premium landscape design company with 25 years experience, professional 3D design services, comprehensive website, fast "
18,5,Arizona Tree Works,,602-596-4447,45 minutes,Tree Service,https://arizonatreeworks.com/,,"Very fast 45-minute response time well below industry average of 2 hours, emergency tree service indicates high-value pr"
19,4,AZ Window Cleaners,,(602) 663-9326,Unknown,Window Cleaning,,https://www.yelp.com/biz/az-window-cleaners-phoenix,"Established business with good rating (4.8 stars) and 5 reviews, has physical address and phone number indicating profes"
20,4,Landscaping Contractors CRG LLC,Chuck Giordano,(602) 548-1088,Unknown,Landscaping,https://landscapingcontractorsaz.com/,Not available,"Family-run business since 1978 with established reputation and professional website, shows stability and growth potentia"
21,4,AAA Landscape,,602.437.2690,Unknown - requires further investigation,Landscaping,https://www.aaalandscape.com/,,"Established company with professional website and clear contact information, appears to be actively marketing services"
22,4,Blue Sky Window Cleaning & Landscaping Services,,(602) 386-7380,Unknown,"Window Cleaning, Landscaping",,https://www.yelp.com/biz/blue-sky-window-cleaning-and-landscaping-services-phoenix,Multi-service business (window cleaning + landscaping) with established Yelp presence suggests they invest in marketing 
23,4,Arizona's Blind Brothers,,(480) 548-2224,Not specified,Window Treatment Store,,,"Established window treatment business with good ratings, likely to need marketing services for lead generation"
24,4,Arizona Blinds Company,,(623) 900-1316,Not specified,Window Treatment Store,arizonablindscompany.com,,"Well-rated window treatment company with established online presence, good prospect for marketing services"
25,4,Pro Natural Landscape LLC,Elmer ,(602) 643-9342,Unknown,Landscaping,https://pronaturallandscape.com/,,"Established business with 11+ years experience, professional website, multiple services, good customer reviews, and acti"
26,4,Arizona Blinds Company,Jack,(623) 900-1316,Unknown,Window Treatments/Blinds,https://arizonablindscompany.com/,,"Established business with professional website, good reviews (4.9 stars), multiple contact methods, operating hours list"
27,4,Gothic Landscape Inc,,602-470-1711,Unknown,Landscaping,https://gothiclandscape.com/location/arizona/,,"Commercial landscaping company with established Phoenix branch location, likely has budget for business services"
28,4,Divine Design Landscaping,,602-769-4564,Unknown,Landscaping,https://www.divinedesignlawncare.com/,,"Full-service landscaping company offering construction, hardscapes, lawn care, tree services, and irrigation - comprehen"
29,4,AMS Landscaping,,602-944-0421,Unknown,Landscaping,https://azlawns.com/,,"Established company serving Phoenix since 1969, long history and residential/commercial services indicate strong busines"
30,4,Desert Sage Landscaping,Hector Alvarez,(602) 664-0346,Unknown,Landscaping,https://desertsagelandscape.com/,https://www.yelp.com/biz/desert-sage-landscaping-phoenix-3,"Established landscaping company with good reviews, offers multiple services including irrigation and artificial grass, a"
31,4,Ezequiel's Landscaping,Ezequiel,(602) 487-2702,Unknown,Landscaping,https://www.ezequielslandscapingphx.com/,,"Family-owned business with professional website, offers free quotes, serves entire Phoenix metro area, eco-friendly prac"
32,4,Phoenix Window Cleaning,,602-663-9326,Unknown - needs verification,Window Cleaning,https://phoenixwindowcleaning.com,,"Established business with professional website and clear contact info, likely responsive to new opportunities"
33,4,Fish Window Cleaning,,602-441-2566,Unknown - needs verification,Window Cleaning,https://www.fishwindowcleaning.com/Phoenix-AZ-3006/,,"National franchise with local presence, professional operation likely to respond to business opportunities"
34,4,Haley's Landscaping and Home Services,,602-642-7477,Unknown - needs verification,Landscaping,,https://www.yelp.com/biz/haleys-landscaping-and-home-services-phoenix,"Multi-service business offering both landscaping and home services, good diversification suggests growth-oriented compan"
35,4,Sal's Landscape Construction,,480-501-9155,Unknown - needs verification,Landscaping,,https://www.yelp.com/biz/sal-s-landscape-construction-phoenix,"Established landscape construction company with 352 photos on Yelp, shows active business presence and customer engageme"
36,4,Arizona Window Covering Company,,602-600-0206,Unknown - needs verification,Shades & Blinds,https://arizonawcc.com,,"Offers motorized shades and blinds with remote control, professional operation with contact form and phone support"
37,4,Arizona Lawn & Garden,,855-707-5914,Unknown - needs verification,Landscaping,https://azlawnandgarden.com,,"Professional landscaping company offering free estimates, toll-free number suggests established operation serving Phoeni"
38,4,Phoenix Window Cleaning,AM Pros,602-663-9326,Unknown - needs verification,Window Cleaning,https://phoenixwindowcleaning.com,,"Established business with professional website, multiple services, and clear contact info. Good prospect for B2B service"
39,4,Turf Monsters,Mike F.,(623) 780-7535,2 hrs,Landscaping/Artificial Turf,Not available,https://www.yelp.com/biz/turf-monsters-phoenix,"Established landscaping company (4.3 stars, 142 reviews) specializing in artificial turf installation, landscape lightin"
40,4,Fix It All Handyman Services,Omar W.,(602) 754-0222,2 hrs,Handyman/Plumbing/Electricians,Not available,https://www.yelp.com/biz/fix-it-all-handyman-services-scottsdale-4,"High-rated handyman service (4.8 stars) with excellent response time, serves multiple categories including plumbing and "
41,4,Fix It All Handyman Services,Omar W.,(602) 754-0222,2 hrs,Handyman/Plumbing/Electrical,,https://www.yelp.com/biz/fix-it-all-handyman-services-scottsdale-4,"High rating (4.8 stars), excellent response time, established business owner with 15 years experience, serves multiple t"
42,4,Envirogreen Landscape Design - Build,Grayson or Sean M.,(602) 403-0311,3 hrs,Landscaping,Not provided,https://www.yelp.com/biz/envirogreen-landscape-design-build-scottsdale,"Established 2001, 20+ years in business, 4.9 rating with 75 reviews, does not sub-contract work, in-house team, high-qua"
43,4,Rebuild Arizona Construction,Maisa A.,602-574-1100,8 hrs,General Contractors/Handyman,Not available,https://www.yelp.com/biz/rebuild-arizona-construction-phoenix-2,"Established contractor with strong reviews and verified license, responsive to customer needs, family-owned business wit"
44,4,Nevarez Landscape,Not available,Not available,3 hrs,Landscaping,Not available,https://www.yelp.com/biz/nevarez-landscape-phoenix,"Strong ratings (4.7 stars), 3 hour response time, serves Phoenix area, professional landscaper with good work ethic note"
45,4,Streak Patrol,Not available,Not available,3 hrs,Window Cleaning,Not available,https://www.yelp.com/biz/streak-patrol-phoenix-2,"Excellent ratings (4.9 stars with 222 reviews), 3 hour response time, serves Phoenix area, highly recommended window cle"
46,4,Vision Windows & Doors,Craig H.,(602) 430-7614,2 hrs,Windows and Doors,,https://www.yelp.com/biz/vision-windows-and-doors-phoenix-3,Established window and door contractor with 4.5 star rating and 40 reviews. Response time of 2 hours meets criteria. Goo
47,4,Five Star Handyman Services,Tom M.,(480) 797-5499,3 hrs,Handyman,,https://www.yelp.com/biz/five-star-handyman-services-scottsdale-13,"Established handyman with 25 years in business, excellent reviews, certified professionals, strong local presence"
48,4,Envirogreen Landscape Design - Build,Grayson or Sean M.,(602) 403-0311,3 hrs,Landscaping,,https://www.yelp.com/biz/envirogreen-landscape-design-build-scottsdale,"Established 20+ years, excellent reviews (4.9), certified professionals, locally owned, strong portfolio and customer re"
49,4,AMS (Arizona Maintenance Services),Eli (mentioned in reviews),(602) 944-0421,4+ hours (Same day estimates but maintenance scheduling likely longer),Landscaping & Yard Maintenance,https://azlawns.com/,,"50+ years in business, licensed/bonded/insured (ROC214175), 100% satisfaction guarantee, serves multiple cities, instant"
50,4,Apple Plumbing,Joni V.,(480) 425-8282,1 day,Plumbers,appleplumbingaz.com,https://www.yelp.com/biz/apple-plumbing-scottsdale-2,Established business with website and Scottsdale location (affluent area). 1-day response time indicates busy operation.
51,4,Green Forever Arizona Synthetic Turf & Pavers,,info@synturfdirect.com,1 day,Landscaping,,https://www.yelp.com/biz/green-forever-arizona-synthetic-turf-and-pavers-phoenix,"Specialized landscaping company with high-end services (synthetic turf, pavers), 1-day response time indicates high dema"
52,4,Colorworks Landscaping,Jon,602-492-2206,24 hours,Landscaping,https://colorworkslandscapeaz.com,https://www.yelp.com/biz/colorworks-landscaping-phoenix-8,"Established company with 25+ years experience, active online presence, professional website, and good reviews indicating"
53,4,Sky View Window Cleaning LLC,Luis,(623) 349-7012,1 day,Window Cleaning,skyviewwindowcleaningllc.com,https://www.yelp.com/biz/sky-view-window-cleaning-phoenix-4,"Window cleaning service with 1-day response time and 90% response rate, family-owned business indicates personal service"
54,4,Arizona Blinds Company,,(623) 900-1316,1 day,Shades & Blinds,https://arizonablindscompany.com,https://www.yelp.com/biz/arizona-blinds-company-phoenix-6,"Family-owned business with 1-day response time, BBB accredited, serves both residential and commercial markets, establis"
55,4,Arizona Blinds Company,Not specified,(623) 900-1316,1 day,Window Blinds & Shutters,https://arizonablindscompany.com/locations/phoenix/,https://www.yelp.com/biz/arizona-blinds-company-phoenix-6,"Established company with multiple locations, BBB accredited, 100% response rate but slow response time indicates potenti"
56,4,Spectrum Shades and Shutters,,(602) 704-5828,1 day,Shades & Blinds,https://spectrumshadesandshutters.com/,,"High-end window treatments company with established online presence and professional website, likely to invest in market"
57,4,MAJ Countertops,Jonathan G.,(480) 650-6156,1 day,Countertop Installation,,https://www.yelp.com/biz/maj-countertops-phoenix-2,"Family-owned countertop business with 12 years experience, good reviews (4.8 stars), active on Yelp with recent customer"
58,4,Arizona Blinds Company,Jack K.,(623) 900-1316,1 day,Shades & Blinds,Not provided,https://www.yelp.com/biz/arizona-blinds-company-phoenix-6,"Family-owned local business established 2023, 4.9 rating with 30 reviews, verified license, specializes in custom blinds"
59,4,Capstone Plumbing,Erica S.,(602) 510-1614,12 hours,Plumbers,capstone-plumbing.com,https://www.yelp.com/biz/capstone-plumbing-cave-creek,Medium-sized plumbing company with website and professional presence. Response time indicates good operational capacity.
60,4,Detail Boss,Christian and Chris P.,(480) 823-5858,12 hours,Mobile Auto Detailing,scottsdalecardetailing.com,https://www.yelp.com/biz/detail-boss-scottsdale-3,"Website present and Scottsdale location (affluent market). Mobile services benefit from route optimization, customer ret"
61,4,Fireside Pools,Crystal Pereira P.,(480) 239-2087,11 hours,Pool Remodeling,firesideazpools.com,https://www.yelp.com/biz/fireside-pools-phoenix,Website present and reasonable response time. Pool remodeling is high-ticket service in Phoenix market. These businesses
62,4,Rite Way,R. Walter W.,(602) 889-8600,7 hours,HVAC/Plumbing,ritewayaz.com,https://www.yelp.com/biz/rite-way-gilbert-2,Long response time (7 hrs) on Yelp despite being a large established company suggests they may need better lead manageme
63,4,Copper State Home Maintenance & Repair,Michael D.,(602) 570-4476,6 hours,Plumbers,copperstatehandymanservices.com,https://www.yelp.com/biz/copper-state-home-maintenance-and-repair-phoenix,Multi-service handyman/maintenance company with website. 6-hour response time reasonable. Broader service offerings sugg
64,4,Granado's Landscaping,,(480) 395-4072,6 hours,Landscaping,,https://www.yelp.com/biz/granados-landscaping-phoenix,High response time (6 hours) indicates less competition and potential availability for new clients. Established business
65,4,Hdz Carpentry,Richard Hernandez,602-582-4535,6 hours,Contractors,,https://www.yelp.com/biz/hdz-carpentry-phoenix,6-hour response time exceeds threshold. 4.7 rating with 13 reviews shows good quality. Verified License and certified pr
66,4,Turf Monsters,Not provided,Not provided,6 hours,Landscaping,Not available,https://www.yelp.com/biz/turf-monsters-phoenix,"4.3 rating with 141 reviews, family-owned with certified professionals, 20+ years in business, offers artificial turf, h"
67,4,Handyman Connection of Phoenix,,(602) 313-1336,6 hours,Handyman,,https://www.yelp.com/biz/handyman-connection-of-phoenix-phoenix-7,6-hour response time with 100% response rate indicates established franchise business that could benefit from faster lea
68,4,Divine Design Landscaping,Nathan M.,(602) 704-0821,5 hours,Landscapers,divinedesignlawncare.com,https://www.yelp.com/biz/divine-design-landscaping-phoenix,Has website and reasonable response time. Design-focused landscaping suggests higher-end clientele and project complexit
69,4,Sonoran Window Cleaning,,(480) 493-2484,5 hours,Window Cleaning,sonoranwindowcleaning.com,https://www.yelp.com/biz/sonoran-window-cleaning-phoenix,"5-hour response time indicates need for faster lead response automation, established business with website and good Yelp"
70,4,Dan the Handyman,,(480) 408-5601,5 hours,Handyman,,https://www.yelp.com/biz/dan-the-handyman-phoenix,5-hour response time with 100% response rate indicates busy handyman who could benefit from lead response automation to 
71,4,"About Blind Cleaning, Inc",Jim (Owner mentioned in reviews),(602) 404-7250,4+ hours (Limited business hours Mon-Fri 10am-4pm),Blind & Window Cleaning Services,https://www.blindcleaningarizona.com/,,"Established business since 1995, veteran-owned, 30 years experience, 5.0 rating with 15 reviews, professional website, m"
72,4,One Home Solution,,(866) 201-5856,"4+ hours (Serves entire Maricopa County, likely longer scheduling times)",Handyman & Home Repair Services,https://onehomesolution.com/arizona/,,"Multi-service company (handyman, window washing, painting), serves entire Maricopa County, 30-day guarantee, professiona"
73,4,Daniel Landscaping,,(480) 749-3299,4 hours,Landscaping,,,Small landscaping business with good reviews (5.0 rating) but 4-hour response time indicates potential for improved cust
74,4,Turf Monsters,,(623) 780-7535,4 hours,Landscaping,turfmonstersaz.com,https://www.yelp.com/biz/turf-monsters-phoenix,Established business with professional website and good online presence but slower response time indicates room for impr
75,4,Turf Monsters,,(623) 780-7535,4 hours,Landscaping/Artificial Turf,https://turfmonstersaz.com,https://www.yelp.com/biz/turf-monsters-phoenix,"Established business with professional website, active on Yelp with good reviews, specializes in artificial turf which i"
76,4,Reparo Landscaping,Not provided,Not provided,4 hours,Landscape Contractor,Not provided,https://www.yelp.com/biz/reparo-landscaping-glendale-2,Family-owned and operated landscaping company with excellent reviews and quick turnaround. 4-hour response time indicate
77,4,Colorworks Landscaping,Unknown,602-492-2206,3+ hours,Landscaping,https://colorworkslandscapeaz.com/,https://www.yelp.com/biz/colorworks-landscaping-phoenix-8,"Well-established landscaping company with professional website, active social media presence, and good online reviews - "
78,4,Nevarez Landscape,Unknown,480-558-6293,3+ hours,Landscaping,https://nevarezlandscapeservices.com,https://www.yelp.com/biz/nevarez-landscape-phoenix,"Family-owned landscape company with 20+ years experience, professional website, and strong review ratings - good potenti"
79,4,TrueWest Contracting LLC,,(602) 676-0330,3 hours,General Contractors,,https://m.yelp.com/biz/truewest-contracting-llc-phoenix,General contractor with 3-hour response time and 100% response rate indicates active business seeking customers
80,4,Desert Blind and Shutter Repair,Heath Eisweirth,(623) 759-5583,3 hours,Shades & Blinds,https://www.desertblindandshutterrepair.com/,https://www.yelp.com/biz/desert-blind-and-shutter-repair-phoenix,"Strong local presence with established website, BBB profile, and owner-operated business in growing Phoenix market"
81,4,Window Pros AZ,,(602) 626-3705,3 hours,Shades & Blinds,,https://www.yelp.com/biz/window-pros-az-phoenix-2,Established business with good response time and active Yelp presence in growing Phoenix market
82,4,Homey Property Care,Francisco Cisneros,(928) 388-7763,Estimated >2 hours,"Window Cleaning, Property Care",,https://www.yelp.com/biz/homey-property-care-phoenix,"High-rated (5 stars) small business with personal owner involvement, good reputation suggests higher likelihood for qual"
83,4,Blue Sky Window Cleaning & Landscaping Services,,(602) 386-7380,Over 2 hours,Window Cleaning & Landscaping,,https://www.yelp.com/biz/blue-sky-window-cleaning-and-landscaping-services-phoenix,"Multi-service provider with both window cleaning and landscaping services, likely to have higher service needs and budge"
84,4,Professional Window Cleaning,,(480) 839-1707,>2 hours,Window Cleaning,https://www.getmywindowsclean.com,https://www.yelp.com/biz/professional-window-cleaning-phoenix,"Established business with professional website and 25+ years experience, likely has budget for business services and gro"
85,4,Spectrum Shades and Shutters,George Lay,(602) 704-5828,>2 hours,Shades & Blinds,https://spectrumshadesandshutters.com,https://www.yelp.com/biz/spectrum-shades-and-shutters-phoenix,"Established business with professional website, 20+ years experience, and active marketing presence - likely has budget "
86,4,Camelback Hardscapes,,(480) 600-8011,>2 hours,Landscaping/Hardscaping,,https://www.yelp.com/biz/camelback-hardscapes-scottsdale,"High-end hardscaping contractor with excellent reviews (5.0 rating), likely has substantial project budgets and could be"
87,4,Colorworks Landscaping,,(602) 492-2206,>2 hours,Landscaping,https://colorworkslandscapeaz.com,https://www.yelp.com/biz/colorworks-landscaping-phoenix-8,"Established landscaping company with 20+ years experience, professional website, and active social media presence - like"
88,4,Phoenix Windows and Doors,,(602) 899-6260,>2 hours,Windows & Doors,https://phoenixazwindowsanddoors.com,,"Established windows and doors manufacturer with factory-direct pricing, professional website, likely has substantial pro"
89,4,Squeeky Kleen Windows,Not specified,(480) 221-1240,Not specified (assumed >2 hours),Window Cleaning,https://squeekykleenwindows.com/,Not available - found via Google search,"Established company with professional website, veteran-owned, covers entire Phoenix area, offers multiple services inclu"
90,4,Stonecreek Roofing,David Prestwich,(602) 324-3400,2 hours,Roofing,https://stonecreekroofingaz.com,https://www.yelp.com/biz/stonecreek-roofing-phoenix,"Emergency roofing services with 2-hour response time, established company with professional website, serves Phoenix metr"
91,4,Turf Monsters,Mike Freeland,(623) 780-7535,2 hours,Landscaping/Artificial Turf,https://turfmonstersaz.com,https://www.yelp.com/biz/turf-monsters-phoenix,"Established business with strong online presence, active on social media, and handles large residential projects. Good p"
92,4,Phoenix Shutters and Blinds,Window Pros,602-491-2241,Under 2 hours,Shades & Blinds,https://www.phoenixblindsshuttersshades.com/,https://www.yelp.com/biz/phoenix-shutters-and-blinds-phoenix,"Established business with professional website, offers free consultations, serves multiple Phoenix areas, and specialize"
93,4,Streak Patrol,Not provided,Not provided,2 hours,Window Cleaning,Not available,https://www.yelp.com/biz/streak-patrol-phoenix-2,"4.9 rating with 222 reviews, extensive experience in window cleaning and solar panel cleaning, response time of exactly "
94,4,Cold Fusion Mechanical,,480.518.4249,1 hour,HVAC,https://cfmphoenix.com/,,"1-hour phone response time for after-hours emergencies, HVAC contractors often need regular supplies and parts, establis"
