Verify rank,Business,Category,Owner,Phone,Email,Website,Yelp URL,Response Time,resp_hours,GHL status,GHL contact,Old likelihood,Score v2,Score reasons,Advertiser? (Kevin),Recent RAQs (Kevin),Verdict (keep/drop)
1,Arizona Blinds Company,Shades & Blinds,Not specified,(623) 900-1316,hello@arizonablindscompany.com,https://arizonablindscompany.com,https://www.yelp.com/biz/arizona-blinds-company-phoenix-6,1 day,24,call_now,https://app.gohighlevel.com/v2/location/JLycxFbUVQFY3z4zPpCS/contacts/detail/mqQnYEQ7KPGs6YCrg0tn,4,110,"responds in 1d (+40); phone (+15); email (+15); website (+10); sequence finished, warm (+20)",,,
2,AZ Remodel Pros,Home Remodeling,Brian G.,(602) 887-8792,azremodelpros@gmail.com,azremodelpros.com,https://www.yelp.com/biz/az-remodel-pros-phoenix,1 day,24,call_now,https://app.gohighlevel.com/v2/location/JLycxFbUVQFY3z4zPpCS/contacts/detail/iisZi7zTmNOqA5dSmZmW,5,110,"responds in 1d (+40); phone (+15); email (+15); website (+10); sequence finished, warm (+20)",,,
3,Colorworks Landscaping,Landscaping,Jon,602-492-2206,info@colorworkslandscapeaz.com,https://colorworkslandscapeaz.com,https://www.yelp.com/biz/colorworks-landscaping-phoenix-8,24 hours,24,call_now,https://app.gohighlevel.com/v2/location/JLycxFbUVQFY3z4zPpCS/contacts/detail/MNy0mE6P3WzVJ9tGytJ1,4,110,"responds in 1d (+40); phone (+15); email (+15); website (+10); sequence finished, warm (+20)",,,
4,Nevarez Landscape,Landscaping,Unknown,(480) 558-6293,info@nevarezlandscapeservices.com,https://nevarezlandscapeservices.com,https://www.yelp.com/biz/nevarez-landscape-phoenix,2 days,48,call_now,https://app.gohighlevel.com/v2/location/JLycxFbUVQFY3z4zPpCS/contacts/detail/aN4y0YlT8I6Meaaf2kKE,5,110,"responds in 2d (+40); phone (+15); email (+15); website (+10); sequence finished, warm (+20)",,,
5,Streak Patrol,Window Cleaning,Not available,(480) 869-0179,Mikep@streakpatrol.com,https://streakpatrol.com,https://www.yelp.com/biz/streak-patrol-phoenix-2,4 days,96,call_now,https://app.gohighlevel.com/v2/location/JLycxFbUVQFY3z4zPpCS/contacts/detail/ZOkU0k0fs2G55QIxG8LK,5,110,"responds in 4d (+40); phone (+15); email (+15); website (+10); sequence finished, warm (+20)",,,
6,AMS Landscaping,Landscaping,,(602) 944-0421,admin@azlawns.com,azlawns.com,,11 hours,11,call_now,https://app.gohighlevel.com/v2/location/JLycxFbUVQFY3z4zPpCS/contacts/detail/DSqDvHsqorcqdT0yM7fK,5,100,"responds in 11h (+30); phone (+15); email (+15); website (+10); sequence finished, warm (+20)",,,
7,Capstone Plumbing,Plumbers,Erica S.,(602) 510-1614,office@capstone-plumbing.com,capstone-plumbing.com,https://www.yelp.com/biz/capstone-plumbing-cave-creek,12 hours,12,call_now,https://app.gohighlevel.com/v2/location/JLycxFbUVQFY3z4zPpCS/contacts/detail/saQiioKZpq7UKqPm5JgB,4,100,"responds in 12h (+30); phone (+15); email (+15); website (+10); sequence finished, warm (+20)",,,
8,Doherty Bros Window Pros,Window Cleaning,,(602) 603-5337,info@dohertybroswindowpros.com,,https://www.yelp.com/biz/doherty-bros-window-pros-phoenix,4 days,96,call_now,https://app.gohighlevel.com/v2/location/JLycxFbUVQFY3z4zPpCS/contacts/detail/IHtozCCm7aol56nHq0eG,5,100,"responds in 4d (+40); phone (+15); email (+15); sequence finished, warm (+20)",,,
9,Green Forever Arizona Synthetic Turf & Pavers,Landscaping,,info@synturfdirect.com,info@synturfdirect.com,,https://www.yelp.com/biz/green-forever-arizona-synthetic-turf-and-pavers-phoenix,1 day,24,call_now,https://app.gohighlevel.com/v2/location/JLycxFbUVQFY3z4zPpCS/contacts/detail/PS4e1PpPy1P3bsnMgHgo,4,100,"responds in 1d (+40); phone (+15); email (+15); sequence finished, warm (+20)",,,
10,Apple Plumbing,Plumbers,Joni V.,(480) 425-8282,,appleplumbingaz.com,https://www.yelp.com/biz/apple-plumbing-scottsdale-2,1 day,24,never_emailed,https://app.gohighlevel.com/v2/location/JLycxFbUVQFY3z4zPpCS/contacts/detail/6r7nzNoBxQcjAG3VeXBq,4,90,"responds in 1d (+40); phone (+15); website (+10); in GHL, never emailed (+15)",,,
11,Envirogreen Landscape Design - Build,Landscaping,Grayson or Sean M.,(602) 403-0311,info.envirogreenaz@gmail.com,Not provided,https://www.yelp.com/biz/envirogreen-landscape-design-build-scottsdale,3 hrs,3,call_now,https://app.gohighlevel.com/v2/location/JLycxFbUVQFY3z4zPpCS/contacts/detail/MtsFW2czNmi5dULMPfdI,4,90,"responds in 3h (+20); phone (+15); email (+15); website (+10); sequence finished, warm (+20)",,,
12,Phoenix Handyman Home Repair,Handyman & Home Repair,Joe Vaughan,(602) 550-2139,phoenixhomerepair21@gmail.com,https://www.phoenixhandymanhomerepair.com/,,"3+ hours (Single owner operation, available weekends for emergency)",3,call_now,https://app.gohighlevel.com/v2/location/JLycxFbUVQFY3z4zPpCS/contacts/detail/lKmYr0ssB9EH3sCivfF3,5,90,"responds in 3h (+20); phone (+15); email (+15); website (+10); sequence finished, warm (+20)",,,
13,Sky View Window Cleaning LLC,Window Cleaning,Luis,(623) 349-7012,,skyviewwindowcleaningllc.com,https://www.yelp.com/biz/sky-view-window-cleaning-phoenix-4,1 day,24,never_emailed,https://app.gohighlevel.com/v2/location/JLycxFbUVQFY3z4zPpCS/contacts/detail/ePxWCWqR2LrRWnXxpFU1,4,90,"responds in 1d (+40); phone (+15); website (+10); in GHL, never emailed (+15)",,,
14,Spectrum Shades and Shutters,Shades & Blinds,George Lay,(602) 704-5828,,https://spectrumshadesandshutters.com/,https://www.yelp.com/biz/spectrum-shades-and-shutters-phoenix,1 day,24,never_emailed,https://app.gohighlevel.com/v2/location/JLycxFbUVQFY3z4zPpCS/contacts/detail/BR6gMAyhcfeoOUBl2MVb,4,90,"responds in 1d (+40); phone (+15); website (+10); in GHL, never emailed (+15)",,,
15,Handyman Pro Solutions,Handyman,Pepe R.,(480) 369-8794,,Not available,https://www.yelp.com/biz/handyman-pro-solutions-phoenix-2,3 days,72,not_in_ghl,,3,85,responds in 3d (+40); phone (+15); website (+10); not in GHL yet (+10),,,
16,HM Flooring Group,Flooring,Oscar M.,(602) 767-2500,,hmflooringgroup.com,https://www.yelp.com/biz/hm-flooring-group-phoenix,1 day,24,not_in_ghl,,3,85,responds in 1d (+40); phone (+15); website (+10); not in GHL yet (+10),,,
17,MAJ Countertops,Countertop Installation,Jonathan G.,(480) 650-6156,,,https://www.yelp.com/biz/maj-countertops-phoenix-2,1 day,24,call_now,https://app.gohighlevel.com/v2/location/JLycxFbUVQFY3z4zPpCS/contacts/detail/a6PjVDieoV4DwhGhMsaD,4,85,"responds in 1d (+40); phone (+15); sequence finished, warm (+20)",,,
18,Arizona Window Covering Company,Shades & Blinds,,602-600-0206,office@arizonawcc.com,https://arizonawcc.com,,Unknown - needs verification,,call_now,https://app.gohighlevel.com/v2/location/JLycxFbUVQFY3z4zPpCS/contacts/detail/rNhZBn7rwwW0fjZv1MZV,4,80,"response unknown (+10); phone (+15); email (+15); website (+10); sequence finished, warm (+20)",,,
19,Copper State Home Maintenance & Repair,Plumbers,Michael D.,(602) 570-4476,,copperstatehandymanservices.com,https://www.yelp.com/biz/copper-state-home-maintenance-and-repair-phoenix,6 hours,6,never_emailed,https://app.gohighlevel.com/v2/location/JLycxFbUVQFY3z4zPpCS/contacts/detail/P6tnrd5FLkokN2WVpQbH,4,80,"responds in 6h (+30); phone (+15); website (+10); in GHL, never emailed (+15)",,,
20,Fireside Pools,Pool Remodeling,Crystal Pereira P.,(480) 239-2087,,firesideazpools.com,https://www.yelp.com/biz/fireside-pools-phoenix,11 hours,11,never_emailed,https://app.gohighlevel.com/v2/location/JLycxFbUVQFY3z4zPpCS/contacts/detail/optvXqQPqAOIpsqFdWGk,4,80,"responds in 11h (+30); phone (+15); website (+10); in GHL, never emailed (+15)",,,
21,Rite Way,HVAC/Plumbing,R. Walter W.,(602) 889-8600,,ritewayaz.com,https://www.yelp.com/biz/rite-way-gilbert-2,7 hours,7,never_emailed,https://app.gohighlevel.com/v2/location/JLycxFbUVQFY3z4zPpCS/contacts/detail/b7Z8uPsAsQBzjoLHxlWL,4,80,"responds in 7h (+30); phone (+15); website (+10); in GHL, never emailed (+15)",,,
22,SJ Professional Window Cleaning,Window Cleaning,,(602) 899-6346,,,,4 days,96,never_emailed,https://app.gohighlevel.com/v2/location/JLycxFbUVQFY3z4zPpCS/contacts/detail/9RQX66AnHeETCNMa7Aiw,3,80,"responds in 4d (+40); phone (+15); in GHL, never emailed (+15)",,,
23,Turf Monsters,Landscaping,Not provided,Not provided,,Not available,https://www.yelp.com/biz/turf-monsters-phoenix,6 hours,6,never_emailed,https://app.gohighlevel.com/v2/location/JLycxFbUVQFY3z4zPpCS/contacts/detail/PrKL1JoFZzV8zWKnjfZL,4,80,"responds in 6h (+30); phone (+15); website (+10); in GHL, never emailed (+15)",,,
24,Arizona Tree Works,Tree Service,,602-596-4447,info@arizonatreeworks.com,https://arizonatreeworks.com/,,45 minutes,0.8,call_now,https://app.gohighlevel.com/v2/location/JLycxFbUVQFY3z4zPpCS/contacts/detail/ibtgpANIDxYt77o2XL3A,5,75,"responds in 0.75h, already fast (+5); phone (+15); email (+15); website (+10); sequence finished, warm (+20)",,,
25,Desert Diamond Air,HVAC,Carlo C.,(602) 535-8988,desertdiamondair@gmail.com,desertdiamondhvac.com,https://www.yelp.com/biz/desert-diamond-air-phoenix,2 hours,2,call_now,https://app.gohighlevel.com/v2/location/JLycxFbUVQFY3z4zPpCS/contacts/detail/MYEW0wCrYTA4Rws6A9nC,5,75,"responds in 2h, already fast (+5); phone (+15); email (+15); website (+10); sequence finished, warm (+20)",,,
26,Divine Design Landscaping,Landscapers,Nathan M.,(602) 704-0821,,divinedesignlawncare.com,https://www.yelp.com/biz/divine-design-landscaping-phoenix,5 hours,5,call_now,https://app.gohighlevel.com/v2/location/JLycxFbUVQFY3z4zPpCS/contacts/detail/Vf39EfSAnw43GO5ahARz,4,75,"responds in 5h (+20); phone (+15); website (+10); sequence finished, warm (+20)",,,
27,Exact Building,General Contractor,,(602) 421-8199,,,https://www.yelp.com/biz/exact-building-phoenix,4 days,96,not_in_ghl,,3,75,responds in 4d (+40); phone (+15); not in GHL yet (+10),,,
28,Miko LLC,General Contractor,Not specified,(602) 888-2826,info@mikollc.com,https://mikollc.com/,Not available - found via Google search,Not specified (assumed >2 hours),2,call_now,https://app.gohighlevel.com/v2/location/JLycxFbUVQFY3z4zPpCS/contacts/detail/mrLSOTV9wHQCjMVLg4u6,5,75,"responds in 2h, already fast (+5); phone (+15); email (+15); website (+10); sequence finished, warm (+20)",,,
29,Nico's Landscaping,Landscaping,Not available,Not available,,Not available,https://www.yelp.com/biz/nicos-landscaping-avondale-3,6 hrs,6,not_in_ghl,,3,75,responds in 6h (+30); phone (+15); website (+10); not in GHL yet (+10),,,
30,Rebuild Arizona Construction,General Contractors/Handyman,Maisa A.,602-574-1100,,Not available,https://www.yelp.com/biz/rebuild-arizona-construction-phoenix-2,8 hrs,8,not_enrolled,https://app.gohighlevel.com/v2/location/JLycxFbUVQFY3z4zPpCS/contacts/detail/Xpy1wlMDlcNNjAcIaYZQ,4,75,"responds in 8h (+30); phone (+15); website (+10); in GHL, not enrolled (+10)",,,
31,RN Landscape,Landscaping,Reynaldo Nicolas,(602) 423-8278,,,https://www.yelp.com/biz/rn-landscape-phoenix-2,1 day,24,not_in_ghl,,3,75,responds in 1d (+40); phone (+15); not in GHL yet (+10),,,
32,Detail Boss,Mobile Auto Detailing,Christian and Chris P.,(480) 823-5858,,scottsdalecardetailing.com,https://www.yelp.com/biz/detail-boss-scottsdale-3,12 hours,12,never_emailed,https://app.gohighlevel.com/v2/location/JLycxFbUVQFY3z4zPpCS/contacts/detail/rZJjE5RU7hOzlb2wzqB7,4,73,"responds in 12h (+30); phone (+15); website (+10); category 'Mobile Auto Detailing' outside core trades (+3); in GHL, never emailed (+15)",,,
33,"About Blind Cleaning, Inc",Blind & Window Cleaning Services,Jim (Owner mentioned in reviews),(602) 404-7250,,https://www.blindcleaningarizona.com/,,4+ hours (Limited business hours Mon-Fri 10am-4pm),4,never_emailed,https://app.gohighlevel.com/v2/location/JLycxFbUVQFY3z4zPpCS/contacts/detail/5vJk9hWY63bE1ec80EfD,4,70,"responds in 4h (+20); phone (+15); website (+10); in GHL, never emailed (+15)",,,
34,Arizona Window Coverings Center,Window Treatment Store,,(602) 223-1173,office@arizonawcc.com,,,Not specified,,call_now,https://app.gohighlevel.com/v2/location/JLycxFbUVQFY3z4zPpCS/contacts/detail/rNhZBn7rwwW0fjZv1MZV,5,70,"response unknown (+10); phone (+15); email (+15); sequence finished, warm (+20)",,,
35,Desert Blind and Shutter Repair,Window Blinds & Shutters,Heath Eisweirth,(623) 759-5583,,https://www.desertblindandshutterrepair.com,https://www.yelp.com/biz/desert-blind-and-shutter-repair-phoenix,3 hours,3,never_emailed,https://app.gohighlevel.com/v2/location/JLycxFbUVQFY3z4zPpCS/contacts/detail/oaxaFDaAOX15DJvuAXUT,3,70,"responds in 3h (+20); phone (+15); website (+10); in GHL, never emailed (+15)",,,
36,Granado's Landscaping,Landscaping,,(480) 395-4072,,,https://www.yelp.com/biz/granados-landscaping-phoenix,6 hours,6,never_emailed,https://app.gohighlevel.com/v2/location/JLycxFbUVQFY3z4zPpCS/contacts/detail/D1sVqoEkn7JZ80J0ZSEV,4,70,"responds in 6h (+30); phone (+15); in GHL, never emailed (+15)",,,
37,Handyman Connection of Phoenix,Handyman,,(602) 313-1336,,,https://www.yelp.com/biz/handyman-connection-of-phoenix-phoenix-7,6 hours,6,never_emailed,https://app.gohighlevel.com/v2/location/JLycxFbUVQFY3z4zPpCS/contacts/detail/U8eBqvgaM3c8MKTU2rqL,4,70,"responds in 6h (+30); phone (+15); in GHL, never emailed (+15)",,,
38,Hdz Carpentry,Contractors,Richard Hernandez,602-582-4535,,,https://www.yelp.com/biz/hdz-carpentry-phoenix,6 hours,6,never_emailed,https://app.gohighlevel.com/v2/location/JLycxFbUVQFY3z4zPpCS/contacts/detail/be50ox5EdmX62yelM43a,4,70,"responds in 6h (+30); phone (+15); in GHL, never emailed (+15)",,,
39,Homey Property Care,Window Cleaning,Francisco Cisneros,(928) 388-7763,homeypropertycare@gmail.com,,https://www.yelp.com/biz/homey-property-care-phoenix,Unknown,,call_now,https://app.gohighlevel.com/v2/location/JLycxFbUVQFY3z4zPpCS/contacts/detail/oPsQGAiPA0X6iH41vmkL,5,70,"response unknown (+10); phone (+15); email (+15); sequence finished, warm (+20)",,,
40,Kindly Pest,Pest Control,,,,https://kindlypest.com/,,24 hours,24,not_in_ghl,,4,70,responds in 1d (+40); website (+10); not in GHL yet (+10),,,
41,One Home Solution,Handyman & Home Repair Services,,(866) 201-5856,,https://onehomesolution.com/arizona/,,"4+ hours (Serves entire Maricopa County, likely longer scheduling times)",4,never_emailed,https://app.gohighlevel.com/v2/location/JLycxFbUVQFY3z4zPpCS/contacts/detail/a2GIfppJbg1OR9AFECt1,4,70,"responds in 4h (+20); phone (+15); website (+10); in GHL, never emailed (+15)",,,
42,Sonoran Window Cleaning,Window Cleaning,,(480) 493-2484,,sonoranwindowcleaning.com,https://www.yelp.com/biz/sonoran-window-cleaning-phoenix,5 hours,5,never_emailed,https://app.gohighlevel.com/v2/location/JLycxFbUVQFY3z4zPpCS/contacts/detail/zZydBEFUtrpLfMqZr1D2,4,70,"responds in 5h (+20); phone (+15); website (+10); in GHL, never emailed (+15)",,,
43,AMS (Arizona Maintenance Services),Landscaping & Yard Maintenance,Eli (mentioned in reviews),(602) 944-0421,,https://azlawns.com/,,4+ hours (Same day estimates but maintenance scheduling likely longer),4,not_in_ghl,,4,65,responds in 4h (+20); phone (+15); website (+10); not in GHL yet (+10),,,
44,Crystal Clear Choice Window Cleaning,Window Cleaning,,602-824-8832,,https://www.cccwindowcleaning.com/contact,,Unknown,,call_now,https://app.gohighlevel.com/v2/location/JLycxFbUVQFY3z4zPpCS/contacts/detail/JWJCfQZP93Zr6xMaq6qF,3,65,"response unknown (+10); phone (+15); website (+10); sequence finished, warm (+20)",,,
45,Factory Direct Windows,Windows & Doors,Unknown,,travis@factorydirectwindows.com,,https://www.yelp.com/biz/factory-direct-windows-phoenix,1 day,24,dead,https://app.gohighlevel.com/v2/location/JLycxFbUVQFY3z4zPpCS/contacts/detail/9jL8fknRbzxX52aT5z5O,5,65,responds in 1d (+40); email (+15); no phone or email in GHL (0),,,
46,Paradise Window Cleaning,Window Cleaning,,480-289-1111,,https://paradisewindowcleaning.org/,,Unknown - needs verification,,call_now,https://app.gohighlevel.com/v2/location/JLycxFbUVQFY3z4zPpCS/contacts/detail/JWJCfQZP93Zr6xMaq6qF,3,65,"response unknown (+10); phone (+15); website (+10); sequence finished, warm (+20)",,,
47,Phoenix Window Cleaning,Window Cleaning,AM Pros,602-663-9326,,https://phoenixwindowcleaning.com,,Unknown - needs verification,,call_now,https://app.gohighlevel.com/v2/location/JLycxFbUVQFY3z4zPpCS/contacts/detail/JWJCfQZP93Zr6xMaq6qF,4,65,"response unknown (+10); phone (+15); website (+10); sequence finished, warm (+20)",,,
48,Pro Natural Landscape LLC,Landscaping,Elmer ,(602) 643-9342,,https://pronaturallandscape.com/,,Unknown,,call_now,https://app.gohighlevel.com/v2/location/JLycxFbUVQFY3z4zPpCS/contacts/detail/maZd3zxrwCwMgY3jaggJ,4,65,"response unknown (+10); phone (+15); website (+10); sequence finished, warm (+20)",,,
49,Reparo Landscaping,Landscape Contractor,Not provided,Not provided,,Not provided,https://www.yelp.com/biz/reparo-landscaping-glendale-2,4 hours,4,not_in_ghl,,4,65,responds in 4h (+20); phone (+15); website (+10); not in GHL yet (+10),,,
50,Salvador Landscaping,Landscaping,Not available,Not available,,Not available,https://www.yelp.com/biz/salvador-landscaping-phoenix,5 hrs,5,not_in_ghl,,3,65,responds in 5h (+20); phone (+15); website (+10); not in GHL yet (+10),,,
51,Windows and Doors Near Me,Windows & Doors,,,,,https://www.yelp.com/search?find_desc=Windows+And+Doors&find_loc=Phoenix%2C+AZ,1 day,24,never_emailed,https://app.gohighlevel.com/v2/location/JLycxFbUVQFY3z4zPpCS/contacts/detail/AWRt6v9PvjGhYZKuv5pk,4,65,"responds in 1d (+40); in GHL, never emailed (+15)",,,
52,AAA Landscape,Landscaping,,602.437.2690,,https://www.aaalandscape.com/,,Unknown - requires further investigation,,never_emailed,https://app.gohighlevel.com/v2/location/JLycxFbUVQFY3z4zPpCS/contacts/detail/OVlkstwySGLLznXjKUJA,4,60,"response unknown (+10); phone (+15); website (+10); in GHL, never emailed (+15)",,,
53,Arizona Blinds and More,Shades & Blinds,,,,,https://www.yelp.com/search?cflt=blinds&find_loc=Phoenix%2C+AZ,8 hours,8,call_now,https://app.gohighlevel.com/v2/location/JLycxFbUVQFY3z4zPpCS/contacts/detail/mqQnYEQ7KPGs6YCrg0tn,4,60,"responds in 8h (+30); sequence finished, warm (+20)",,,
54,Arizona Lawn & Garden,Landscaping,,855-707-5914,,https://azlawnandgarden.com,,Unknown - needs verification,,never_emailed,https://app.gohighlevel.com/v2/location/JLycxFbUVQFY3z4zPpCS/contacts/detail/Mk1xraNDr8C4sJ6i4YPZ,4,60,"response unknown (+10); phone (+15); website (+10); in GHL, never emailed (+15)",,,
55,Camelback Hardscapes,Landscaping/Hardscaping,Unknown,480-600-8011,,,https://www.yelp.com/biz/camelback-hardscapes-scottsdale,3+ hours,3,never_emailed,https://app.gohighlevel.com/v2/location/JLycxFbUVQFY3z4zPpCS/contacts/detail/yvQwevHn3EydZnSxKtc2,3,60,"responds in 3h (+20); phone (+15); in GHL, never emailed (+15)",,,
56,Dan the Handyman,Handyman,,(480) 408-5601,,,https://www.yelp.com/biz/dan-the-handyman-phoenix,5 hours,5,never_emailed,https://app.gohighlevel.com/v2/location/JLycxFbUVQFY3z4zPpCS/contacts/detail/rWHF5dKjnovagjgXqJIW,4,60,"responds in 5h (+20); phone (+15); in GHL, never emailed (+15)",,,
57,Daniel Landscaping,Landscaping,,(480) 749-3299,,,,4 hours,4,never_emailed,https://app.gohighlevel.com/v2/location/JLycxFbUVQFY3z4zPpCS/contacts/detail/c2Lqr44eAtzRWF4lz2nr,4,60,"responds in 4h (+20); phone (+15); in GHL, never emailed (+15)",,,
58,Desert Sage Landscaping,Landscaping,Hector Alvarez,(602) 664-0346,,https://desertsagelandscape.com/,https://www.yelp.com/biz/desert-sage-landscaping-phoenix-3,Unknown,,never_emailed,https://app.gohighlevel.com/v2/location/JLycxFbUVQFY3z4zPpCS/contacts/detail/oLMQKD47Rc85WhypTcNF,4,60,"response unknown (+10); phone (+15); website (+10); in GHL, never emailed (+15)",,,
59,EL Construction,General Contractors,,,,,,1 day,24,not_in_ghl,,5,60,responds in 1d (+40); not in GHL yet (+10),,,
60,Ezequiel's Landscaping,Landscaping,Ezequiel,(602) 487-2702,,https://www.ezequielslandscapingphx.com/,,Unknown,,never_emailed,https://app.gohighlevel.com/v2/location/JLycxFbUVQFY3z4zPpCS/contacts/detail/211N9W5WYoACP2QftNnE,4,60,"response unknown (+10); phone (+15); website (+10); in GHL, never emailed (+15)",,,
61,Fish Window Cleaning,Window Cleaning,,602-441-2566,,https://www.fishwindowcleaning.com/Phoenix-AZ-3006/,https://m.yelp.com/search?find_desc=fish+window+cleaning&find_loc=Phoenix%2C+AZ,Unknown - needs verification,,never_emailed,https://app.gohighlevel.com/v2/location/JLycxFbUVQFY3z4zPpCS/contacts/detail/yIMEaD9IKYY9OB1TOQGa,4,60,"response unknown (+10); phone (+15); website (+10); in GHL, never emailed (+15)",,,
62,Five Star Handyman Services,Handyman,Tom M.,(480) 797-5499,,,https://www.yelp.com/biz/five-star-handyman-services-scottsdale-13,3 hrs,3,never_emailed,https://app.gohighlevel.com/v2/location/JLycxFbUVQFY3z4zPpCS/contacts/detail/oRjFMYICSHXfWs5mblnn,4,60,"responds in 3h (+20); phone (+15); in GHL, never emailed (+15)",,,
63,Good Times Plumbing & Restoration,Plumbers,Trenton M.,(480) 525-8095,,goodtimesrestoration.com,https://www.yelp.com/biz/good-times-plumbing-and-restoration-chandler-2,2 hours,2,call_now,https://app.gohighlevel.com/v2/location/JLycxFbUVQFY3z4zPpCS/contacts/detail/4Joa1uL7Jz4YFqLVq4L4,5,60,"responds in 2h, already fast (+5); phone (+15); website (+10); sequence finished, warm (+20)",,,
64,Goodman's Landscape Maintenance,Landscaping,Unknown,602-861-1144,,http://www.goodmanslandscape.com/,https://www.yelp.com/biz/goodmans-landscape-maintenance-llc-phoenix,Unknown,,never_emailed,https://app.gohighlevel.com/v2/location/JLycxFbUVQFY3z4zPpCS/contacts/detail/BFzuBvmzc85uFNzd279S,5,60,"response unknown (+10); phone (+15); website (+10); in GHL, never emailed (+15)",,,
65,Gothic Landscape Inc,Landscaping,,602-470-1711,,https://gothiclandscape.com/location/arizona/,,Unknown,,never_emailed,https://app.gohighlevel.com/v2/location/JLycxFbUVQFY3z4zPpCS/contacts/detail/30lONUBcLXyaGH1BezZP,4,60,"response unknown (+10); phone (+15); website (+10); in GHL, never emailed (+15)",,,
66,Jay's Window Cleaning,Window Cleaning,Unknown,602-399-3556,,https://jayswindowcleaning.com/,Unknown,30 minutes,0.5,call_now,https://app.gohighlevel.com/v2/location/JLycxFbUVQFY3z4zPpCS/contacts/detail/JWJCfQZP93Zr6xMaq6qF,3,60,"responds in 0.5h, already fast (+5); phone (+15); website (+10); sequence finished, warm (+20)",,,
67,JCast Landscaping,Landscaping,,,,,https://www.yelp.com/biz/jcast-landscaping-phoenix,1 day,24,not_in_ghl,,3,60,responds in 1d (+40); not in GHL yet (+10),,,
68,Landscaping Contractors CRG LLC,Landscaping,Chuck Giordano,(602) 548-1088,,https://landscapingcontractorsaz.com/,Not available,Unknown,,never_emailed,https://app.gohighlevel.com/v2/location/JLycxFbUVQFY3z4zPpCS/contacts/detail/XSxahAezTUE9qYBDCE9J,4,60,"response unknown (+10); phone (+15); website (+10); in GHL, never emailed (+15)",,,
69,Outside Cleaning Services,Window Cleaning,,,,,https://www.yelp.com/biz/outside-cleaning-services-phoenix,1 day,24,not_in_ghl,,3,60,responds in 1d (+40); not in GHL yet (+10),,,
70,Sal's Landscape Construction (already in ),Landscapers,Salvador G.,(602) 669-9410,,salslandscapeconstruction.com,https://www.yelp.com/biz/sal-s-landscape-construction-phoenix,2 hours,2,call_now,https://app.gohighlevel.com/v2/location/JLycxFbUVQFY3z4zPpCS/contacts/detail/Y4hCNM952439m1EpQTCK,5,60,"responds in 2h, already fast (+5); phone (+15); website (+10); sequence finished, warm (+20)",,,
71,TrueWest Contracting LLC,General Contractors,,(602) 676-0330,,,https://m.yelp.com/biz/truewest-contracting-llc-phoenix,3 hours,3,never_emailed,https://app.gohighlevel.com/v2/location/JLycxFbUVQFY3z4zPpCS/contacts/detail/G9PZ2rFZWzASIFdzfGU9,4,60,"responds in 3h (+20); phone (+15); in GHL, never emailed (+15)",,,
72,Window Pros AZ,Shades & Blinds,,(602) 626-3705,,,https://www.yelp.com/biz/window-pros-az-phoenix-2,3 hours,3,never_emailed,https://app.gohighlevel.com/v2/location/JLycxFbUVQFY3z4zPpCS/contacts/detail/cs8C5ktKMlu1AbxzUfxe,4,60,"responds in 3h (+20); phone (+15); in GHL, never emailed (+15)",,,
73,Cold Fusion Mechanical,HVAC,,480.518.4249,,https://cfmphoenix.com/,,1 hour,1,never_emailed,https://app.gohighlevel.com/v2/location/JLycxFbUVQFY3z4zPpCS/contacts/detail/OGmsn7MdoUAbOcRofquZ,4,55,"responds in 1h, already fast (+5); phone (+15); website (+10); in GHL, never emailed (+15)",,,
74,Fix It All Handyman Services,Handyman/Plumbing/Electricians,Omar W.,(602) 754-0222,,Not available,https://www.yelp.com/biz/fix-it-all-handyman-services-scottsdale-4,2 hrs,2,never_emailed,https://app.gohighlevel.com/v2/location/JLycxFbUVQFY3z4zPpCS/contacts/detail/dVizr4Miy4gx10No9ZNN,4,55,"responds in 2h, already fast (+5); phone (+15); website (+10); in GHL, never emailed (+15)",,,
75,Gary The Handyman Guy,Plumbers,Gary M.,(602) 390-9204,,,https://www.yelp.com/biz/gary-the-handyman-guy-phoenix,1 day,24,not_in_ghl,,2,55,responds in 1d (+40); phone (+15); not in GHL yet (+10); CSV: no website (-10); CSV scored 2/5 (-10),,,
76,Goodman's Landscape,Landscaping,Not specified,(602) 861-1144,,https://www.goodmanslandscape.com/,Not available - found via Google search,Not specified (assumed >2 hours),2,never_emailed,https://app.gohighlevel.com/v2/location/JLycxFbUVQFY3z4zPpCS/contacts/detail/BFzuBvmzc85uFNzd279S,5,55,"responds in 2h, already fast (+5); phone (+15); website (+10); in GHL, never emailed (+15)",,,
77,Phoenix Shutters and Blinds,Shades & Blinds,Window Pros,602-491-2241,,https://www.phoenixblindsshuttersshades.com/,https://www.yelp.com/biz/phoenix-shutters-and-blinds-phoenix,Under 2 hours,2,never_emailed,https://app.gohighlevel.com/v2/location/JLycxFbUVQFY3z4zPpCS/contacts/detail/zLuxEAkGuoPpY2AmGquz,4,55,"responds in 2h, already fast (+5); phone (+15); website (+10); in GHL, never emailed (+15)",,,
78,Phoenix Windows and Doors,Windows & Doors,,(602) 899-6260,,https://phoenixazwindowsanddoors.com,,>2 hours,2,never_emailed,https://app.gohighlevel.com/v2/location/JLycxFbUVQFY3z4zPpCS/contacts/detail/AWRt6v9PvjGhYZKuv5pk,4,55,"responds in 2h, already fast (+5); phone (+15); website (+10); in GHL, never emailed (+15)",,,
79,Professional Window Cleaning,Window Cleaning,,(480) 839-1707,,https://www.getmywindowsclean.com,https://www.yelp.com/biz/professional-window-cleaning-phoenix,>2 hours,2,never_emailed,https://app.gohighlevel.com/v2/location/JLycxFbUVQFY3z4zPpCS/contacts/detail/9RQX66AnHeETCNMa7Aiw,4,55,"responds in 2h, already fast (+5); phone (+15); website (+10); in GHL, never emailed (+15)",,,
80,Ready Go Handyman LLC,Handyman Services,,(623) 284-4269,,,https://www.yelp.com/search?cflt=handyman&find_loc=Phoenix%2C+AZ,5 hours,5,not_in_ghl,,3,55,responds in 5h (+20); phone (+15); not in GHL yet (+10),,,
81,Responsible Landscaping,Landscaping,,(602) 423-4473,,,https://www.yelp.com/biz/responsible-landscaping-phoenix,4 hrs,4,not_in_ghl,,3,55,responds in 4h (+20); phone (+15); not in GHL yet (+10),,,
82,Sal's Landscape Construction,Landscaping,Sal,480-501-9155,,,https://www.yelp.com/biz/sal-s-landscape-construction-phoenix,Unknown - needs verification,,call_now,https://app.gohighlevel.com/v2/location/JLycxFbUVQFY3z4zPpCS/contacts/detail/Y4hCNM952439m1EpQTCK,4,55,"response unknown (+10); phone (+15); sequence finished, warm (+20)",,,
83,SOl Seekers,Landscaper,Dave,(623) 335-5157,,Solseekerslandscaping.com,,3 hours,3,not_in_ghl,,,55,responds in 3h (+20); phone (+15); not in GHL yet (+10),,,
84,Squeeky Kleen Windows,Window Cleaning,Not specified,(480) 221-1240,,https://squeekykleenwindows.com/,Not available - found via Google search,Not specified (assumed >2 hours),2,never_emailed,https://app.gohighlevel.com/v2/location/JLycxFbUVQFY3z4zPpCS/contacts/detail/52SdkwW9BhhXknlWUTNl,4,55,"responds in 2h, already fast (+5); phone (+15); website (+10); in GHL, never emailed (+15)",,,
85,Stonecreek Roofing,Roofing,David Prestwich,(602) 324-3400,,https://stonecreekroofingaz.com,https://www.yelp.com/biz/stonecreek-roofing-phoenix,2 hours,2,never_emailed,https://app.gohighlevel.com/v2/location/JLycxFbUVQFY3z4zPpCS/contacts/detail/f6thInXhiGrg2MCVlcVK,4,55,"responds in 2h, already fast (+5); phone (+15); website (+10); in GHL, never emailed (+15)",,,
86,TPG Home Services,Home Services/Handyman,,(602) 400-2369,,,https://www.yelp.com/biz/tpg-home-services-phoenix,4 hours,4,not_in_ghl,,3,55,responds in 4h (+20); phone (+15); not in GHL yet (+10),,,
87,Your Window Guy,Window Cleaning,,(602) 538-1535,,,https://www.yelp.com/search?cflt=windowwashing&find_loc=Phoenix%2C+AZ,4+ hours,4,not_in_ghl,,3,55,responds in 4h (+20); phone (+15); not in GHL yet (+10),,,
88,"Affordable Windows, Doors & More",Windows & Doors,,,,,https://www.yelp.com/search?find_desc=Window+Screens&find_loc=Sahuarita%2C+AZ,2 days,48,not_in_ghl,,2,50,responds in 2d (+40); not in GHL yet (+10); CSV scored 2/5 (-10),,,
89,Anthem Handyman Services,Handyman,Tom J. (Tom Janko),,,,https://www.yelp.com/biz/anthem-handyman-services-anthem-3,12 hrs,12,not_in_ghl,,4,50,responds in 12h (+30); not in GHL yet (+10),,,
90,Arizona's Blind Brothers,Window Treatment Store,,(480) 548-2224,,,,Not specified,,never_emailed,https://app.gohighlevel.com/v2/location/JLycxFbUVQFY3z4zPpCS/contacts/detail/Yfbn5bHbBBY5Bp1HylXM,4,50,"response unknown (+10); phone (+15); in GHL, never emailed (+15)",,,
91,AZ Blinds Express,Shades & Blinds,,,,https://azblindsexpress.com/phoenix/,,Unknown - needs verification,,call_now,https://app.gohighlevel.com/v2/location/JLycxFbUVQFY3z4zPpCS/contacts/detail/mqQnYEQ7KPGs6YCrg0tn,4,50,"response unknown (+10); website (+10); sequence finished, warm (+20)",,,
92,Blue Sky Window Cleaning & Landscaping Services,Window Cleaning & Landscaping,,(602) 386-7380,,,https://www.yelp.com/biz/blue-sky-window-cleaning-and-landscaping-services-phoenix,Unknown,,never_emailed,https://app.gohighlevel.com/v2/location/JLycxFbUVQFY3z4zPpCS/contacts/detail/1h9qeMNQkp0Jcc9YftJ9,3,50,"response unknown (+10); phone (+15); in GHL, never emailed (+15)",,,
93,Boyd's Blinds,Shades & Blinds,,,,,https://www.yelp.com/biz/boyds-blinds-phoenix,3 hrs,3,call_now,https://app.gohighlevel.com/v2/location/JLycxFbUVQFY3z4zPpCS/contacts/detail/mqQnYEQ7KPGs6YCrg0tn,4,50,"responds in 3h (+20); sequence finished, warm (+20)",,,
94,Clean Rite Window Service,Window Cleaning,,,,,https://www.yelp.com/biz/clean-rite-window-service-goodyear,12 hours,12,not_in_ghl,,3,50,responds in 12h (+30); not in GHL yet (+10),,,
95,Crew Of Two Phoenix,Plumbers,Virginia A.,(480) 217-2788,,crewoftwophoenix.com,https://www.yelp.com/biz/crew-of-two-phoenix-phoenix-3,2 hours,2,not_in_ghl,,3,50,"responds in 2h, already fast (+5); phone (+15); website (+10); not in GHL yet (+10)",,,
96,Friendly Professional Landscaping,Landscaping,,,,,https://www.yelp.com/biz/friendly-professional-landscaping-phoenix,6 hours,6,not_in_ghl,,4,50,responds in 6h (+30); not in GHL yet (+10),,,
97,Garcia's Handyman,Handyman,Jesús Garcia,,,,https://www.yelp.com/biz/garcias-handyman-phoenix-2,9 hrs,9,not_in_ghl,,4,50,responds in 9h (+30); not in GHL yet (+10),,,
98,Gibson's,General Contractors,,,,,https://www.yelp.com/search?cflt=contractors&find_loc=Phoenix%2C+AZ,12 hours,12,not_in_ghl,,4,50,responds in 12h (+30); not in GHL yet (+10),,,
99,Haley's Landscaping and Home Services,Landscaping,,602-642-7477,,,https://www.yelp.com/biz/haleys-landscaping-and-home-services-phoenix,Unknown - needs verification,,never_emailed,https://app.gohighlevel.com/v2/location/JLycxFbUVQFY3z4zPpCS/contacts/detail/GGcKi8a7psIt7Sn3uJ6N,4,50,"response unknown (+10); phone (+15); in GHL, never emailed (+15)",,,
100,Hammertime Handyman Services,Handyman,,,,,https://www.yelp.com/biz/hammertime-handyman-services-tempe-5,2 days,48,not_in_ghl,,2,50,responds in 2d (+40); not in GHL yet (+10); CSV scored 2/5 (-10),,,
101,K & J Windows,Windows and Doors,Unknown,,,,https://www.yelp.com/biz/k-and-j-windows-phoenix,6 hours,6,not_in_ghl,,4,50,responds in 6h (+30); not in GHL yet (+10),,,
102,Mariano's Landscaping Maintenance,Landscaping,,,,,https://www.yelp.com/biz/marianos-landscaping-maintenance-phoenix-3,11 hours,11,not_in_ghl,,4,50,responds in 11h (+30); not in GHL yet (+10),,,
103,Nate's Extreme Handyman Services,Handyman,,,,,https://www.yelp.com/biz/nates-extreme-handyman-services-phoenix,11 hours,11,not_in_ghl,,3,50,responds in 11h (+30); not in GHL yet (+10),,,
104,Nombrano Construction,General Contractor,,,,,https://www.yelp.com/biz/nombrano-construction-phoenix,10 hours,10,not_in_ghl,,4,50,responds in 10h (+30); not in GHL yet (+10),,,
105,Phoenix Commercial Glazing Contractor,Windows & Doors,,,,,https://downtobid.com/contractors/glazing/phoenix,3 days,72,not_in_ghl,,2,50,responds in 3d (+40); not in GHL yet (+10); CSV scored 2/5 (-10),,,
106,Phoenix General Contractor,General Contractor,,,,,https://m.yelp.com/search?cflt=contractors&find_loc=Dmg+Financial%2C+Phoenix%2C+AZ+85050,1 day,24,not_in_ghl,,2,50,responds in 1d (+40); not in GHL yet (+10); CSV scored 2/5 (-10),,,
107,Quick Response Garage Door Service,Garage Door Repair,,,,https://quickresponsegaragedoorservice.com/,,3 hours,3,not_in_ghl,,4,50,responds in 3h (+20); website (+10); not in GHL yet (+10),,,
108,Sunny State Glass,Windows and Doors,,,,,https://www.yelp.com/biz/sunny-state-glass-phoenix,8 hours,8,not_in_ghl,,3,50,responds in 8h (+30); not in GHL yet (+10),,,
109,AZ Window Cleaners,Window Cleaning,Unknown,(602) 663-9326,,phoenixwindowcleaning.com,https://www.yelp.com/biz/az-window-cleaners-phoenix,Unknown,,not_in_ghl,,4,45,response unknown (+10); phone (+15); not in GHL yet (+10),,,
110,Krystal Clear Windows,Window Cleaning,,(602) 513-3790,,,https://www.yelp.com/biz/krystal-clear-windows-phoenix,Unknown,,not_in_ghl,,3,45,response unknown (+10); phone (+15); not in GHL yet (+10),,,
111,Old Reliable Construction,General Contractors,,(602) 935-1485,,,,Not specified,,not_in_ghl,,3,45,response unknown (+10); phone (+15); not in GHL yet (+10),,,
112,Phoenix Landscapers,Landscaping,,480-428-3592,,,https://www.yelp.com/biz/phoenix-landscapers-phoenix,Unknown - needs verification,,not_in_ghl,,3,45,response unknown (+10); phone (+15); not in GHL yet (+10),,,
113,Reds Rooter,Plumbers,Marty H.,(602) 516-0041,,,https://www.yelp.com/biz/reds-rooter-phoenix,1 week,168,not_in_ghl,,2,45,responds in 7d (+40); phone (+15); not in GHL yet (+10); CSV: no website (-10); CSV: low digital adoption (-10); CSV scored 2/5 (-10),,,
114,Vision Windows & Doors,Windows and Doors,Craig H.,(602) 430-7614,,,https://www.yelp.com/biz/vision-windows-and-doors-phoenix-3,2 hrs,2,never_emailed,https://app.gohighlevel.com/v2/location/JLycxFbUVQFY3z4zPpCS/contacts/detail/Z0ElHdOSm6LA56tUPNuQ,4,45,"responds in 2h, already fast (+5); phone (+15); in GHL, never emailed (+15)",,,
115,Lucas Lawn and Yard Care,Lawn Care,,,,,,8 hrs,8,not_in_ghl,,4,43,responds in 8h (+30); category 'Lawn Care' outside core trades (+3); not in GHL yet (+10),,,
116,Phoenix Awning Company,Awnings,,,,,https://www.yelp.com/search?cflt=awnings&find_loc=Ahwatukee+Foothills+Village%2C+Phoenix%2C+AZ,12 hrs,12,not_in_ghl,,3,43,responds in 12h (+30); category 'Awnings' outside core trades (+3); not in GHL yet (+10),,,
117,Valleywide Glass,Glass & Mirrors,,,,,https://www.yelp.com/biz/valleywide-glass-phoenix-6,12 hours,12,not_in_ghl,,3,43,responds in 12h (+30); category 'Glass & Mirrors' outside core trades (+3); not in GHL yet (+10),,,
118,A to Z Shades,Shades & Blinds,,,,https://atozshadesandshutters.com/,,Unknown - needs verification,,not_in_ghl,,4,40,response unknown (+10); website (+10); not in GHL yet (+10),,,
119,Apodaca's Glass & Door,Windows and Doors,,,,,https://www.yelp.com/biz/apodacas-glass-and-door-phoenix-2,3 hours,3,not_in_ghl,,4,40,responds in 3h (+20); not in GHL yet (+10),,,
120,Austin Pierce Designs,Shades & Blinds,Austin Pierce,,,,https://www.yelp.com/search?find_desc=Custom+Window+Treatments&find_loc=Maricopa%2C+AZ,5 hours,5,not_in_ghl,,4,40,responds in 5h (+20); not in GHL yet (+10),,,
121,AZ Empire Landscaping,Landscaping,,,,,,4 hrs,4,not_in_ghl,,3,40,responds in 4h (+20); not in GHL yet (+10),,,
122,AZ Home Repair Specialists,Handyman/Drywall/Lighting,Steve B.,,,,https://www.yelp.com/biz/az-home-repair-specialists-phoenix,4 hrs,4,not_in_ghl,,4,40,responds in 4h (+20); not in GHL yet (+10),,,
123,Better Than New Contractors,General Contractors,,,,,https://www.yelp.com/search?find_desc=Contractors&find_loc=Phoenix%2C+AZ,10 hours,10,not_in_ghl,,2,40,responds in 10h (+30); not in GHL yet (+10); CSV scored 2/5 (-10),,,
124,Cactus Curbing and Landscaping,Landscaping,,,,,,4 hours,4,not_in_ghl,,3,40,responds in 4h (+20); not in GHL yet (+10),,,
125,Clear as Days,Window Cleaning,,,,,https://www.yelp.com/biz/clear-as-days-glendale,3 hrs,3,not_in_ghl,,3,40,responds in 3h (+20); not in GHL yet (+10),,,
126,Five Star Property Maintenance,"Window Washing, Landscaping, Tree Services",,,,,https://www.yelp.com/biz/five-star-property-maintenance-phoenix,3+ hours,3,not_in_ghl,,4,40,responds in 3h (+20); not in GHL yet (+10),,,
127,Holtzman Remodeling,General Contractors,,,,,https://www.yelp.com/search?cflt=contractors&find_loc=Phoenix%2C+AZ,4+ hours,4,not_in_ghl,,5,40,responds in 4h (+20); not in GHL yet (+10),,,
128,Honest Handyman Service,Handyman,,,,,https://www.yelp.com/biz/honest-handyman-service-phoenix,5 hours,5,not_in_ghl,,4,40,responds in 5h (+20); not in GHL yet (+10),,,
129,iFixPhx,Handyman/Roofing/Pressure Washing,,,,,https://www.yelp.com/biz/ifixphx-glendale,4 hrs,4,not_in_ghl,,4,40,responds in 4h (+20); not in GHL yet (+10),,,
130,KO's Landscaping,Landscaping,,,,,https://www.yelp.com/biz/kos-landscaping-glendale-4,3 hrs,3,not_in_ghl,,3,40,responds in 3h (+20); not in GHL yet (+10),,,
131,Krasiva Windows and Doors,Windows and Doors,Unknown,,,,https://www.yelp.com/biz/krasiva-windows-and-doors-phoenix,11 hrs,11,running,https://app.gohighlevel.com/v2/location/JLycxFbUVQFY3z4zPpCS/contacts/detail/TQF4VVV5ztJEcTxnqsIl,5,40,responds in 11h (+30); sequence running (0),,,
132,Liberty Awnings and Shades,Awnings & Shades,,,,,https://www.yelp.com/biz/liberty-awnings-and-shades-phoenix,3 hrs,3,not_in_ghl,,4,40,responds in 3h (+20); not in GHL yet (+10),,,
133,Luxury Turf and Green,Landscaping,,,,,https://www.yelp.com/search?cflt=landscaping&find_loc=Phoenix%2C+AZ+85028,3 hours,3,not_in_ghl,,4,40,responds in 3h (+20); not in GHL yet (+10),,,
134,Marshall Renovations,Contractors,John,,,,https://www.yelp.com/biz/marshall-renovations-tempe,3 hours,3,not_in_ghl,,4,40,responds in 3h (+20); not in GHL yet (+10),,,
135,Phoenix Appliance Repair,Appliance Repair,,,,,https://www.yelp.com/biz/phoenix-appliance-repair-gilbert-2,5 hours,5,not_in_ghl,,4,40,responds in 5h (+20); not in GHL yet (+10),,,
136,Phoenix General Contractor (4hr response),General Contractor,,,,,https://www.yelp.com/search?cflt=contractors&find_loc=Phoenix%2C+AZ,4 hrs,4,not_in_ghl,,4,40,responds in 4h (+20); not in GHL yet (+10),,,
137,Phoenix Home Remodeling,General Contractors,,,,,https://www.yelp.com/biz/phoenix-home-remodeling-chandler-2,3 hours,3,not_in_ghl,,4,40,responds in 3h (+20); not in GHL yet (+10),,,
138,Phoenix HVAC Contractor,HVAC,,,,,https://www.yelp.com/search?cflt=hvac&find_loc=Phoenix%2C+AZ,3 hours,3,not_in_ghl,,4,40,responds in 3h (+20); not in GHL yet (+10),,,
139,"Phoenix Shades, Shutters and Drapery",Shades & Blinds,,,,,https://www.yelp.com/biz/phoenix-shades-shutters-and-drapery-peoria,3+ hours,3,not_in_ghl,,4,40,responds in 3h (+20); not in GHL yet (+10),,,
140,R H Design & Build,General Contractors,,,,,https://www.yelp.com/biz/r-h-design-and-build-scottsdale,5 hrs,5,not_in_ghl,,4,40,responds in 5h (+20); not in GHL yet (+10),,,
141,Rebuild Contractors,General Contractors,,,,,https://www.yelp.com/search?cflt=contractors&find_loc=Phoenix%2C+AZ+85027,5 hours,5,not_in_ghl,,3,40,responds in 5h (+20); not in GHL yet (+10),,,
142,Smarter Home Flooring,Flooring,,,,,https://www.yelp.com/biz/smarter-home-flooring-phoenix,3 hours,3,not_in_ghl,,4,40,responds in 3h (+20); not in GHL yet (+10),,,
143,Stellar Home Services,General Contractors,,,,,https://www.yelp.com/search?cflt=contractors&find_loc=Phoenix%2C+AZ,3+ hours,3,not_in_ghl,,4,40,responds in 3h (+20); not in GHL yet (+10),,,
144,Sunburst Shutters Phoenix,Shades & Blinds,,,,https://www.sunburstshuttersaz.com/,,Unknown - needs verification,,not_in_ghl,,4,40,response unknown (+10); website (+10); not in GHL yet (+10),,,
145,Sunset Pools,Pool Services,,,,,,3 hrs,3,not_in_ghl,,3,40,responds in 3h (+20); not in GHL yet (+10),,,
146,Torus Landscape,Landscaping,,,,,,3 hrs,3,not_in_ghl,,4,40,responds in 3h (+20); not in GHL yet (+10),,,
147,Valle Verde Lawn Care,Landscaping,,,,,https://www.yelp.com/search?cflt=landscaping&find_loc=Phoenix%2C+AZ,3+ hours,3,not_in_ghl,,4,40,responds in 3h (+20); not in GHL yet (+10),,,
148,Valley Paraiso,General Contractor,,,,,https://www.yelp.com/search?cflt=contractors&find_loc=Phoenix%2C+AZ,5 hrs,5,not_in_ghl,,4,40,responds in 5h (+20); not in GHL yet (+10),,,
149,,,,,admin@azlawns.com,,,,,not_in_ghl,,,38,response unknown (+10); email (+15); category '' outside core trades (+3); not in GHL yet (+10),,,
150,Anago Cleaning,Cleaning Services,,,,https://anagocleaning.com/phoenix/janitorial-services/movie-theaters/,,2 hours,2,not_in_ghl,,4,35,"responds in 2h, already fast (+5); website (+10); not in GHL yet (+10)",,,
151,Arizona Cooling and Heating Specialists LLC,HVAC,,,,https://www.arizonacoolingandheatingspecialistsllc.com,https://www.arizonacoolingandheatingspecialistsllc.com/service-areas/phoenix-az,90 minutes,1.5,not_in_ghl,,3,35,"responds in 1.5h, already fast (+5); website (+10); not in GHL yet (+10)",,,
152,AZ Remodel,Remodeling Contractors,,,azremodelpros@gmail.com,,https://www.yelp.com/search?find_desc=Construction+Contractor&find_loc=Phoenix%2C+AZ,3+ days,,running,https://app.gohighlevel.com/v2/location/JLycxFbUVQFY3z4zPpCS/contacts/detail/Ap9XBVFErjSGf9IrPvxC,4,35,response unknown (+10); email (+15); sequence running (0),,,
153,Budget Movers,Moving Services,,,,,https://www.yelp.com/biz/budget-movers-glendale-2,3 hours,3,not_in_ghl,,3,33,responds in 3h (+20); category 'Moving Services' outside core trades (+3); not in GHL yet (+10),,,
154,Busy Bees Concierge & Home Services,Home Organization / Concierge Services,Cheryl Fraeger,,,,https://www.yelp.com/biz/busy-bees-concierge-and-home-services-scottsdale-2,5 hrs,5,not_in_ghl,,3,33,responds in 5h (+20); category 'Home Organization / Concierge Services' outside core trades (+3); not in GHL yet (+10),,,
155,Moving At Ease,Moving Services,,,,,https://www.yelp.com/biz/moving-at-ease-scottsdale,4 hours,4,not_in_ghl,,3,33,responds in 4h (+20); category 'Moving Services' outside core trades (+3); not in GHL yet (+10),,,
156,GCM House Cleaning,Home Cleaning,Cristina H.,(602) 348-3071,,,https://www.yelp.com/biz/gcm-house-cleaning-phoenix,2 hours,2,not_in_ghl,,3,30,"responds in 2h, already fast (+5); phone (+15); not in GHL yet (+10); CSV: no website (-10)",,,
157,Ground Zero Landscape,Landscaping,Chad,,,http://www.groundzerolc.com/,https://www.yelp.com/biz/ground-zero-landscape-phoenix,Unknown,,running,https://app.gohighlevel.com/v2/location/JLycxFbUVQFY3z4zPpCS/contacts/detail/Iwj7XZW9PspoKK5VjFeW,4,30,response unknown (+10); website (+10); sequence running (0),,,
158,Hectors Framing and Construction,General Contractors,Hector,,,,https://www.yelp.com/search?cflt=contractors&find_loc=Phoenix%2C+AZ,3+ days,,not_in_ghl,,3,30,response unknown (+10); not in GHL yet (+10),,,
159,Morales Landscaping and Cleaning Services,Landscaping & Cleaning,,(602) 581-9230,,,https://www.yelp.com/biz/morales-landscaping-and-cleaning-services-phoenix-2,>2 hours,2,not_in_ghl,,2,30,"responds in 2h, already fast (+5); phone (+15); not in GHL yet (+10); CSV scored 2/5 (-10)",,,
160,North Canyon Roofing and Coating,Roofers,Eric T.,(602) 469-9479,,,https://www.yelp.com/biz/north-canyon-roofing-and-coating-glendale,2 hours,2,not_in_ghl,,3,30,"responds in 2h, already fast (+5); phone (+15); not in GHL yet (+10); CSV: no website (-10)",,,
161,Only One Pool Service,Pool Services,,,Onlyonepoolservice@gmail.com,,https://www.yelp.com/biz/only-one-pool-service-phoenix,40 minutes,0.7,dead,https://app.gohighlevel.com/v2/location/JLycxFbUVQFY3z4zPpCS/contacts/detail/NA9wh1TF0pO0vw6RsA6v,5,30,"responds in 0.666667h, already fast (+5); email (+15); no phone or email in GHL (0)",,,
162,TraVek Remodeling & Roofing,Remodeling Contractors,,,,,https://www.yelp.com/search?find_desc=Licensed+General+Contractor&find_loc=Phoenix%2C+AZ,3+ days,,not_in_ghl,,4,30,response unknown (+10); not in GHL yet (+10),,,
163,Window Installation Phoenix,Windows & Doors,,,,,https://www.yelp.com/search?find_desc=Window+Installation&find_loc=Phoenix%2C+AZ,4 hours,4,not_in_ghl,,2,30,responds in 4h (+20); not in GHL yet (+10); CSV scored 2/5 (-10),,,
164,Affordable Windows Plus Exteriors,Windows & Doors,,,,,https://www.yelp.com/biz/affordable-windows-plus-exteriors-gilbert-2,2 hours,2,not_in_ghl,,4,25,"responds in 2h, already fast (+5); not in GHL yet (+10)",,,
165,Blackjacket Surface Cleaning And Soft Wash,Window Cleaning,,,,,https://www.yelp.com/biz/blackjacket-surface-cleaning-and-soft-wash-phoenix,2 hrs,2,not_in_ghl,,3,25,"responds in 2h, already fast (+5); not in GHL yet (+10)",,,
166,Energy Shield Windows Doors,Windows & Doors,,,,,https://www.m.yelp.com/search?find_desc=Doors+and+Windows&find_loc=Casa+Grande%2C+AZ,2 hrs,2,not_in_ghl,,5,25,"responds in 2h, already fast (+5); not in GHL yet (+10)",,,
167,G&S Landscaping,Landscaping,,,,,https://www.yelp.com/biz/g-and-s-landscaping-phoenix-3,30 minutes,0.5,not_in_ghl,,4,25,"responds in 0.5h, already fast (+5); not in GHL yet (+10)",,,
168,House of Shades,Shades & Blinds,,,,,https://www.yelp.com/search?find_desc=Blinds+Installation&find_loc=Phoenix%2C+AZ,40 mins,0.7,not_in_ghl,,5,25,"responds in 0.666667h, already fast (+5); not in GHL yet (+10)",,,
169,Pro-Service Landscaping & Construction,Landscaping,,,,,https://www.yelp.com/biz/pro-service-landscaping-and-construction-phoenix-2,2 hours,2,not_in_ghl,,4,25,"responds in 2h, already fast (+5); not in GHL yet (+10)",,,
170,Window Treatments Selection Phoenix,Shades & Blinds,,,,,https://www.yelp.com/search?find_desc=Window+Treatments+Selection&find_loc=Phoenix%2C+AZ,2 hours,2,not_in_ghl,,3,25,"responds in 2h, already fast (+5); not in GHL yet (+10)",,,
171,Johnny Phoenix Locksmith,Locksmith,,,,,,2 hours,2,not_in_ghl,,4,18,"responds in 2h, already fast (+5); category 'Locksmith' outside core trades (+3); not in GHL yet (+10)",,,
172,Desert King Windows,Windows & Doors,,,,,https://www.yelp.com/biz/desert-king-windows-phoenix-2,10 minutes,0.2,not_in_ghl,,1,15,"responds in 0.166667h, already fast (+5); not in GHL yet (+10); CSV scored 1/5 (-10)",,,
173,Phoenix Sliding Doors,Windows & Doors,,,,,https://www.yelp.com/biz/phoenix-sliding-doors-phoenix-2,50 minutes,0.8,not_in_ghl,,2,15,"responds in 0.833333h, already fast (+5); not in GHL yet (+10); CSV scored 2/5 (-10)",,,
174,AZ Home Glow,Home Organization,,,,,https://www.yelp.com/search?find_desc=Home+Organization&find_loc=Phoenix%2C+AZ,50 minutes,0.8,not_in_ghl,,2,8,"responds in 0.833333h, already fast (+5); category 'Home Organization' outside core trades (+3); not in GHL yet (+10); CSV scored 2/5 (-10)",,,
