Category,Business Name,Owner Name,Response Time,Phone,Website,Yelp URL,Purchase Likelihood (1-5),EMAIL
Plumbers,Good Times Plumbing & Restoration,Trenton M.,2 hours,(480) 525-8095,goodtimesrestoration.com,https://www.yelp.com/biz/good-times-plumbing-and-restoration-chandler-2,5,
HVAC,Desert Diamond Air,Carlo C.,2 hours,(602) 535-8988,desertdiamondhvac.com,https://www.yelp.com/biz/desert-diamond-air-phoenix,5,desertdiamondair@gmail.com
Landscapers,Sal's Landscape Construction (already in ),Salvador G.,2 hours,(602) 669-9410,salslandscapeconstruction.com,https://www.yelp.com/biz/sal-s-landscape-construction-phoenix,5,
Home Remodeling,AZ Remodel Pros ,Brian G.,1 day,(602) 887-8792,azremodelpros.com,https://www.yelp.com/biz/az-remodel-pros-phoenix,5,azremodelpros@gmail.com
Window Cleaning,Homey Property Care,Francisco Cisneros,Unknown,(928) 388-7763,,https://www.yelp.com/biz/homey-property-care-phoenix,5,homeypropertycare@gmail.com
General Contractors,Nombrano Construction,,10 hours,,,,5,
Window Treatments & Blinds,Arizona Blinds Company,"Isaac (Design Consultant), Chris (Installer)","3+ hours (Extended hours Mon-Fri 8am-7pm, Sat 10am-5pm, but closed Sundays)",623-900-1316,https://arizonablindscompany.com/locations/phoenix/,https://www.yelp.com/biz/arizona-blinds-company-phoenix,5,hello@arizonablindscompany.com
Window Treatment Store,Arizona Window Coverings Center,,Not specified,(602) 223-1173,,,5,office@arizonawcc.com
Landscaping,AMS Landscaping,,11 hours,(602) 944-0421,azlawns.com,,5,admin@azlawns.com
General Contractors,EL Construction,,1 day,,,,5,
Windows & Doors,Factory Direct Windows,,1 day,,,https://www.yelp.com/biz/factory-direct-windows-phoenix,5,travis@factorydirectwindows.com
Landscaping,Goodman's Landscape Maintenance,Unknown,Unknown,602-861-1144,http://www.goodmanslandscape.com/,https://www.yelp.com/biz/goodmans-landscape-maintenance-llc-phoenix,5,
Windows and Doors,Krasiva Windows and Doors,Unknown,11 hrs,,,https://www.yelp.com/biz/krasiva-windows-and-doors-phoenix,5,
Landscaping,Nevarez Landscape,,2 days,(480) 558-6293,https://nevarezlandscapeservices.com,https://www.yelp.com/biz/nevarez-landscape-phoenix,5,info@nevarezlandscapeservices.com
Windows & Doors,Energy Shield Windows Doors,,2 hrs,,,https://www.m.yelp.com/search?find_desc=Doors+and+Windows&find_loc=Casa+Grande%2C+AZ,5,
Landscaping,Goodman's Landscape,Not specified,Not specified (assumed >2 hours),(602) 861-1144,https://www.goodmanslandscape.com/,Not available - found via Google search,5,
General Contractors,Holtzman Remodeling,,4+ hours,,,https://www.yelp.com/search?cflt=contractors&find_loc=Phoenix%2C+AZ,5,
Handyman & Home Repair,Phoenix Handyman Home Repair,Joe Vaughan,"3+ hours (Single owner operation, available weekends for emergency)",(602) 550-2139,https://www.phoenixhandymanhomerepair.com/,,5,phoenixhomerepair21@gmail.com
General Contractor,Miko LLC,Not specified,Not specified (assumed >2 hours),(602) 888-2826,https://mikollc.com/,Not available - found via Google search,5,info@mikollc.com
Pool Services,Only One Pool Service,,40 minutes,,,https://www.yelp.com/biz/only-one-pool-service-phoenix,5,Onlyonepoolservice@gmail.com
Tree Service,Arizona Tree Works,,45 minutes,602-596-4447,https://arizonatreeworks.com/,,5,info@arizonatreeworks.com
Shades & Blinds,House of Shades,,40 mins,,,https://www.yelp.com/search?find_desc=Blinds+Installation&find_loc=Phoenix%2C+AZ,5,
Window Cleaning,Streak Patrol,,4 days,(480) 869-0179,https://streakpatrol.com,https://www.yelp.com/biz/streak-patrol-phoenix-2,5,Mikep@streakpatrol.com
Window Cleaning,Doherty Bros Window Pros,,4 days,(602) 603-5337,,https://www.yelp.com/biz/doherty-bros-window-pros-phoenix,5,info@dohertybroswindowpros.com
Plumbers,Capstone Plumbing,Erica S.,12 hours,(602) 510-1614,capstone-plumbing.com,https://www.yelp.com/biz/capstone-plumbing-cave-creek,4,office@capstone-plumbing.com
Plumbers,Apple Plumbing,Joni V.,1 day,(480) 425-8282,appleplumbingaz.com,https://www.yelp.com/biz/apple-plumbing-scottsdale-2,4,
Plumbers,Copper State Home Maintenance & Repair,Michael D.,6 hours,(602) 570-4476,copperstatehandymanservices.com,https://www.yelp.com/biz/copper-state-home-maintenance-and-repair-phoenix,4,
Landscapers,Divine Design Landscaping,Nathan M.,5 hours,(602) 704-0821,divinedesignlawncare.com,https://www.yelp.com/biz/divine-design-landscaping-phoenix,4,
Pool Remodeling,Fireside Pools,Crystal Pereira P.,11 hours,(480) 239-2087,firesideazpools.com,https://www.yelp.com/biz/fireside-pools-phoenix,4,
Mobile Auto Detailing,Detail Boss,Christian and Chris P.,12 hours,(480) 823-5858,scottsdalecardetailing.com,https://www.yelp.com/biz/detail-boss-scottsdale-3,4,
Window Cleaning,AZ Window Cleaners,,Unknown,(602) 663-9326,,https://www.yelp.com/biz/az-window-cleaners-phoenix,4,
Landscaping,Landscaping Contractors CRG LLC,Chuck Giordano,Unknown,(602) 548-1088,https://landscapingcontractorsaz.com/,Not available,4,
"Window Cleaning, Landscaping",Blue Sky Window Cleaning & Landscaping Services,,Unknown,(602) 386-7380,,https://www.yelp.com/biz/blue-sky-window-cleaning-and-landscaping-services-phoenix,4,
"Window Washing, Landscaping, Tree Services",Five Star Property Maintenance,,3+ hours,,,https://www.yelp.com/biz/five-star-property-maintenance-phoenix,4,
Landscaping,G&S Landscaping,,30 minutes,,,https://www.yelp.com/biz/g-and-s-landscaping-phoenix-3,4,
Landscaping,Luxury Turf and Green,,3 hours,,,https://www.yelp.com/search?cflt=landscaping&find_loc=Phoenix%2C+AZ+85028,4,
Landscaping,AAA Landscape,,Unknown - requires further investigation,602.437.2690,https://www.aaalandscape.com/,,4,
Landscaping,Mariano's Landscaping Maintenance,,11 hours,,,https://www.yelp.com/biz/marianos-landscaping-maintenance-phoenix-3,4,
General Contractor,Phoenix General Contractor (4hr response),,4 hrs,,,https://www.yelp.com/search?cflt=contractors&find_loc=Phoenix%2C+AZ,4,
Window Treatment Store,Arizona's Blind Brothers,,Not specified,(480) 548-2224,,,4,
Landscaping,Pro-Service Landscaping & Construction,,2 hours,,,https://www.yelp.com/biz/pro-service-landscaping-and-construction-phoenix-2,4,
Shades & Blinds,Arizona Blinds and More,,8 hours,,,https://www.yelp.com/search?cflt=blinds&find_loc=Phoenix%2C+AZ,4,
General Contractors,Phoenix Home Remodeling,,3 hours,,,https://www.yelp.com/biz/phoenix-home-remodeling-chandler-2,4,
HVAC,Phoenix HVAC Contractor,,3 hours,,,https://www.yelp.com/search?cflt=hvac&find_loc=Phoenix%2C+AZ,4,
Landscaping,Pro Natural Landscape LLC,Elmer ,Unknown,(602) 643-9342,https://pronaturallandscape.com/,,4,
Landscaping,Green Forever Arizona Synthetic Turf & Pavers,,1 day,info@synturfdirect.com,,https://www.yelp.com/biz/green-forever-arizona-synthetic-turf-and-pavers-phoenix,4,info@synturfdirect.com
Windows and Doors,K & J Windows,,6 hours,,,https://www.yelp.com/biz/k-and-j-windows-phoenix,4,
Windows and Doors,Apodaca's Glass & Door,,3 hours,,,https://www.yelp.com/biz/apodacas-glass-and-door-phoenix-2,4,
Landscaping,Ground Zero Landscape,Chad,Unknown,,http://www.groundzerolc.com/,https://www.yelp.com/biz/ground-zero-landscape-phoenix,4,
Landscaping,Colorworks Landscaping,Jon,24 hours,602-492-2206,https://colorworkslandscapeaz.com,https://www.yelp.com/biz/colorworks-landscaping-phoenix-8,4,info@colorworkslandscapeaz.com
Landscaping/Hardscaping,Camelback Hardscapes,,>2 hours,(480) 600-8011,,https://www.yelp.com/biz/camelback-hardscapes-scottsdale,4,
Landscaping,Envirogreen Landscape Design - Build,Grayson or Sean M.,3 hrs,(602) 403-0311,Not provided,https://www.yelp.com/biz/envirogreen-landscape-design-build-scottsdale,4,info.envirogreenaz@gmail.com
Landscaping,Granado's Landscaping,,6 hours,(480) 395-4072,,https://www.yelp.com/biz/granados-landscaping-phoenix,4,
Landscaping,Friendly Professional Landscaping,,6 hours,,,https://www.yelp.com/biz/friendly-professional-landscaping-phoenix,4,
Landscaping,KO's Landscaping,,4 hrs,,,https://www.yelp.com/biz/kos-landscaping-glendale-4,4,
General Contractor,Valley Paraiso,,5 hrs,,,https://www.yelp.com/search?cflt=contractors&find_loc=Phoenix%2C+AZ,4,
General Contractors/Handyman,Rebuild Arizona Construction,Maisa A.,8 hrs,602-574-1100,Not available,https://www.yelp.com/biz/rebuild-arizona-construction-phoenix-2,4,
Window Cleaning,Fish Window Cleaning,,Unknown - needs verification,602-441-2566,https://www.fishwindowcleaning.com/Phoenix-AZ-3006/,,4,
Handyman,Honest Handyman Service,,5 hours,,,https://www.yelp.com/biz/honest-handyman-service-phoenix,4,
Landscaping,Gothic Landscape Inc,,Unknown,602-470-1711,https://gothiclandscape.com/location/arizona/,,4,
Landscaping,Valle Verde Lawn Care,,3+ hours,,,https://www.yelp.com/search?cflt=landscaping&find_loc=Phoenix%2C+AZ,4,
Shades & Blinds,"Phoenix Shades, Shutters and Drapery",,3+ hours,,,https://www.yelp.com/biz/phoenix-shades-shutters-and-drapery-peoria,4,
General Contractors,Stellar Home Services,,3+ hours,,,https://www.yelp.com/search?cflt=contractors&find_loc=Phoenix%2C+AZ,4,
Blind & Window Cleaning Services,"About Blind Cleaning, Inc",Jim (Owner mentioned in reviews),4+ hours (Limited business hours Mon-Fri 10am-4pm),(602) 404-7250,https://www.blindcleaningarizona.com/,,4,
Landscaping & Yard Maintenance,AMS (Arizona Maintenance Services),Eli (mentioned in reviews),4+ hours (Same day estimates but maintenance scheduling likely longer),(602) 944-0421,https://azlawns.com/,,4,
Handyman & Home Repair Services,One Home Solution,,"4+ hours (Serves entire Maricopa County, likely longer scheduling times)",(866) 201-5856,https://onehomesolution.com/arizona/,,4,
Window Cleaning,Professional Window Cleaning,,>2 hours,(480) 839-1707,https://www.getmywindowsclean.com,https://www.yelp.com/biz/professional-window-cleaning-phoenix,4,
Shades & Blinds,Spectrum Shades and Shutters,George Lay,>2 hours,(602) 704-5828,https://spectrumshadesandshutters.com,https://www.yelp.com/biz/spectrum-shades-and-shutters-phoenix,4,
Windows & Doors,Phoenix Windows and Doors,,>2 hours,(602) 899-6260,https://phoenixazwindowsanddoors.com,,4,
Window Cleaning,Squeeky Kleen Windows,Not specified,Not specified (assumed >2 hours),(480) 221-1240,https://squeekykleenwindows.com/,Not available - found via Google search,4,
General Contractors,TrueWest Contracting LLC,,3 hours,(602) 676-0330,,https://m.yelp.com/biz/truewest-contracting-llc-phoenix,4,
Window Cleaning,Sky View Window Cleaning LLC,Luis,1 day,(623) 349-7012,skyviewwindowcleaningllc.com,https://www.yelp.com/biz/sky-view-window-cleaning-phoenix-4,4,
Landscaping,Desert Sage Landscaping,Hector Alvarez,Unknown,(602) 664-0346,https://desertsagelandscape.com/,https://www.yelp.com/biz/desert-sage-landscaping-phoenix-3,4,
Roofing,Stonecreek Roofing,David Prestwich,2 hours,(602) 324-3400,https://stonecreekroofingaz.com,https://www.yelp.com/biz/stonecreek-roofing-phoenix,4,
Flooring,Smarter Home Flooring,,3 hours,,,https://www.yelp.com/biz/smarter-home-flooring-phoenix,4,
Cleaning Services,Anago Cleaning,,2 hours,,https://anagocleaning.com/phoenix/janitorial-services/movie-theaters/,,4,
Pest Control,Kindly Pest,,24 hours,,https://kindlypest.com/,,4,
HVAC,Cold Fusion Mechanical,,1 hour,480.518.4249,https://cfmphoenix.com/,,4,
Appliance Repair,Phoenix Appliance Repair,,5 hours,,,https://www.yelp.com/biz/phoenix-appliance-repair-gilbert-2,4,
Garage Door Repair,Quick Response Garage Door Service,,3 hours,,https://quickresponsegaragedoorservice.com/,,4,
Locksmith,Johnny Phoenix Locksmith,,2 hours,,,,4,
Landscaping/Artificial Turf,Turf Monsters,Mike Freeland,2 hours,(623) 780-7535,https://turfmonstersaz.com,https://www.yelp.com/biz/turf-monsters-phoenix,4,
Shades & Blinds,Desert Blind and Shutter Repair,Heath Eisweirth,3 hours,(623) 759-5583,https://www.desertblindandshutterrepair.com/,https://www.yelp.com/biz/desert-blind-and-shutter-repair-phoenix,4,
Lawn Care,Lucas Lawn and Yard Care,,8 hrs,,,,4,
Landscaping,Torus Landscape,,3 hrs,,,,4,
General Contractor,Arizona General Contractor,,4 hours,,,https://www.yelp.com/biz/arizona-general-contractor-tempe,4,
Windows & Doors,Affordable Windows Plus Exteriors,,2 hours,,,https://www.yelp.com/biz/affordable-windows-plus-exteriors-gilbert-2,4,
Awnings & Shades,Liberty Awnings and Shades,,3 hrs,,,https://www.yelp.com/biz/liberty-awnings-and-shades-phoenix,4,
Landscaping,Daniel Landscaping,,4 hours,(480) 749-3299,,,4,
Landscaping,Ezequiel's Landscaping,Ezequiel,Unknown,(602) 487-2702,https://www.ezequielslandscapingphx.com/,,4,
General Contractors,Gibson's,,12 hours,,,https://www.yelp.com/search?cflt=contractors&find_loc=Phoenix%2C+AZ,4,
Remodeling Contractors,TraVek Remodeling & Roofing,,3+ days,,,https://www.yelp.com/search?find_desc=Licensed+General+Contractor&find_loc=Phoenix%2C+AZ,4,
Remodeling Contractors,AZ Remodel,,3+ days,,,https://www.yelp.com/search?find_desc=Construction+Contractor&find_loc=Phoenix%2C+AZ,4,azremodelpros@gmail.com
Windows & Doors,Windows and Doors Near Me,,1 day,,,https://www.yelp.com/search?find_desc=Windows+And+Doors&find_loc=Phoenix%2C+AZ,4,
Shades & Blinds,Austin Pierce Designs,Austin Pierce,5 hours,,,https://www.yelp.com/search?find_desc=Custom+Window+Treatments&find_loc=Maricopa%2C+AZ,4,
Window Cleaning,Phoenix Window Cleaning,,Unknown - needs verification,602-663-9326,https://phoenixwindowcleaning.com,,4,
Landscaping,Haley's Landscaping and Home Services,,Unknown - needs verification,602-642-7477,,https://www.yelp.com/biz/haleys-landscaping-and-home-services-phoenix,4,
Shades & Blinds,AZ Blinds Express,,Unknown - needs verification,,https://azblindsexpress.com/phoenix/,,4,
Shades & Blinds,Sunburst Shutters Phoenix,,Unknown - needs verification,,https://www.sunburstshuttersaz.com/,,4,
Shades & Blinds,Arizona Window Covering Company,,Unknown - needs verification,602-600-0206,https://arizonawcc.com,,4,office@arizonawcc.com
Shades & Blinds,A to Z Shades,,Unknown - needs verification,,https://atozshadesandshutters.com/,,4,
Landscaping,Arizona Lawn & Garden,,Unknown - needs verification,855-707-5914,https://azlawnandgarden.com,,4,
Shades & Blinds,Window Pros AZ,,3 hours,(602) 626-3705,,https://www.yelp.com/biz/window-pros-az-phoenix-2,4,
Shades & Blinds,Phoenix Shutters and Blinds,Window Pros,Under 2 hours,602-491-2241,https://www.phoenixblindsshuttersshades.com/,https://www.yelp.com/biz/phoenix-shutters-and-blinds-phoenix,4,
Handyman,Anthem Handyman Services,Tom J. (Tom Janko),12 hrs,,,https://www.yelp.com/biz/anthem-handyman-services-anthem-3,4,
Countertop Installation,MAJ Countertops,Jonathan G.,1 day,(480) 650-6156,,https://www.yelp.com/biz/maj-countertops-phoenix-2,4,
Handyman/Plumbing/Electricians,Fix It All Handyman Services,Omar W.,2 hrs,(602) 754-0222,Not available,https://www.yelp.com/biz/fix-it-all-handyman-services-scottsdale-4,4,
Handyman/Roofing/Pressure Washing,iFixPhx,,4 hrs,,,https://www.yelp.com/biz/ifixphx-glendale,4,
Handyman/Drywall/Lighting,AZ Home Repair Specialists,Steve B.,4 hrs,,,https://www.yelp.com/biz/az-home-repair-specialists-phoenix,4,
Contractors,Marshall Renovations,John,3 hours,,,https://www.yelp.com/biz/marshall-renovations-tempe,4,
Contractors,Hdz Carpentry,Richard Hernandez,6 hours,602-582-4535,,https://www.yelp.com/biz/hdz-carpentry-phoenix,4,
Landscape Contractor,Reparo Landscaping,Not provided,4 hours,Not provided,Not provided,https://www.yelp.com/biz/reparo-landscaping-glendale-2,4,
Window Cleaning,Sky View Window Cleaning,Luis,2 hrs,,,https://www.yelp.com/biz/sky-view-window-cleaning-phoenix-4,4,
General Contractors,R H Design & Build,,5 hrs,,,https://www.yelp.com/biz/r-h-design-and-build-scottsdale,4,
Windows and Doors,Vision Windows & Doors,Craig H.,2 hrs,(602) 430-7614,,https://www.yelp.com/biz/vision-windows-and-doors-phoenix-3,4,
Handyman,Five Star Handyman Services,Tom M.,3 hrs,(480) 797-5499,,https://www.yelp.com/biz/five-star-handyman-services-scottsdale-13,4,
Shades & Blinds,Boyd's Blinds,,3 hrs,,,https://www.yelp.com/biz/boyds-blinds-phoenix,4,
Handyman,Garcia's Handyman,Jesús Garcia,9 hrs,,,https://www.yelp.com/biz/garcias-handyman-phoenix-2,4,
HVAC/Plumbing,Rite Way,R. Walter W.,7 hours,(602) 889-8600,ritewayaz.com,https://www.yelp.com/biz/rite-way-gilbert-2,4,
Window Cleaning,Sonoran Window Cleaning,,5 hours,(480) 493-2484,sonoranwindowcleaning.com,https://www.yelp.com/biz/sonoran-window-cleaning-phoenix,4,
Handyman,Dan the Handyman,,5 hours,(480) 408-5601,,https://www.yelp.com/biz/dan-the-handyman-phoenix,4,
Handyman,Handyman Connection of Phoenix,,6 hours,(602) 313-1336,,https://www.yelp.com/biz/handyman-connection-of-phoenix-phoenix-7,4,
Plumbers,Crew Of Two Phoenix,Virginia A.,2 hours,(480) 217-2788,crewoftwophoenix.com,https://www.yelp.com/biz/crew-of-two-phoenix-phoenix-3,3,
Roofers,North Canyon Roofing and Coating,Eric T.,2 hours,(602) 469-9479,,https://www.yelp.com/biz/north-canyon-roofing-and-coating-glendale,3,
Home Cleaning,GCM House Cleaning,Cristina H.,2 hours,(602) 348-3071,,https://www.yelp.com/biz/gcm-house-cleaning-phoenix,3,
Landscaping,JCast Landscaping,,1 day,,,https://www.yelp.com/biz/jcast-landscaping-phoenix,3,
Window Cleaning,Krystal Clear Windows,,Unknown,(602) 513-3790,,https://www.yelp.com/biz/krystal-clear-windows-phoenix,3,
Window Cleaning,Outside Cleaning Services,,1 day,,,https://www.yelp.com/biz/outside-cleaning-services-phoenix,3,
HVAC,Arizona Cooling and Heating Specialists LLC,,90 minutes,,https://www.arizonacoolingandheatingspecialistsllc.com,https://www.arizonacoolingandheatingspecialistsllc.com/service-areas/phoenix-az,3,
General Contractors,Old Reliable Construction,,Not specified,(602) 935-1485,,,3,
Window Cleaning,Clean Rite Window Service,,12 hours,,,https://www.yelp.com/biz/clean-rite-window-service-goodyear,3,
Home Services/Handyman,TPG Home Services,,4 hours,(602) 400-2369,,https://www.yelp.com/biz/tpg-home-services-phoenix,3,
Moving Services,Moving At Ease,,4 hours,,,https://www.yelp.com/biz/moving-at-ease-scottsdale,3,
Moving Services,Budget Movers,,3 hours,,,https://www.yelp.com/biz/budget-movers-glendale-2,3,
Windows and Doors,Sunny State Glass,,8 hours,,,https://www.yelp.com/biz/sunny-state-glass-phoenix,3,
Glass & Mirrors,Valleywide Glass,,12 hours,,,https://www.yelp.com/biz/valleywide-glass-phoenix-6,3,
Window Cleaning,Jay's Window Cleaning,Unknown,30 minutes,602-399-3556,https://jayswindowcleaning.com/,Unknown,3,
General Contractor,Exact Building,,4 days,(602) 421-8199,,https://www.yelp.com/biz/exact-building-phoenix,3,
Awnings,Phoenix Awning Company,,12 hrs,,,https://www.yelp.com/search?cflt=awnings&find_loc=Ahwatukee+Foothills+Village%2C+Phoenix%2C+AZ,3,
Window Cleaning,Crystal Clear Choice Window Cleaning,,Unknown,602-824-8832,https://www.cccwindowcleaning.com/contact,,3,
Window Cleaning,Your Window Guy,,4+ hours,(602) 538-1535,,https://www.yelp.com/search?cflt=windowwashing&find_loc=Phoenix%2C+AZ,3,
Handyman,Nate's Extreme Handyman Services,,11 hours,,,https://www.yelp.com/biz/nates-extreme-handyman-services-phoenix,3,
Landscaping,Responsible Landscaping,,4 hrs,(602) 423-4473,,https://www.yelp.com/biz/responsible-landscaping-phoenix,3,
Pool Services,Sunset Pools,,3 hrs,,,,3,
Landscaping,AZ Empire Landscaping,,4 hrs,,,,3,
Handyman Services,Ready Go Handyman LLC,,5 hours,(623) 284-4269,,https://www.yelp.com/search?cflt=handyman&find_loc=Phoenix%2C+AZ,3,
Window Cleaning,SJ Professional Window Cleaning,,4 days,(602) 899-6346,,,3,
Landscaping,Cactus Curbing and Landscaping,,4 hours,,,,3,
General Contractors,Hectors Framing and Construction,Hector,3+ days,,,https://www.yelp.com/search?cflt=contractors&find_loc=Phoenix%2C+AZ,3,
General Contractors,Rebuild Contractors,,5 hours,,,https://www.yelp.com/search?cflt=contractors&find_loc=Phoenix%2C+AZ+85027,3,
Shades & Blinds,Window Treatments Selection Phoenix,,2 hours,,,https://www.yelp.com/search?find_desc=Window+Treatments+Selection&find_loc=Phoenix%2C+AZ,3,
Window Cleaning,Paradise Window Cleaning,,Unknown - needs verification,480-289-1111,https://paradisewindowcleaning.org/,,3,
Landscaping,Phoenix Landscapers,,Unknown - needs verification,480-428-3592,,https://www.yelp.com/biz/phoenix-landscapers-phoenix,3,
Landscaping,RN Landscape,Reynaldo Nicolas,1 day,(602) 423-8278,,https://www.yelp.com/biz/rn-landscape-phoenix-2,3,
Handyman,Handyman Pro Solutions,Pepe R.,3 days,(480) 369-8794,Not available,https://www.yelp.com/biz/handyman-pro-solutions-phoenix-2,3,
Window Cleaning,Clear as Days,,3 hrs,,,https://www.yelp.com/biz/clear-as-days-glendale,3,
Window Cleaning,Blackjacket Surface Cleaning And Soft Wash,,2 hrs,,,https://www.yelp.com/biz/blackjacket-surface-cleaning-and-soft-wash-phoenix,3,
Home Organization / Concierge Services,Busy Bees Concierge & Home Services,Cheryl Fraeger,5 hrs,,,https://www.yelp.com/biz/busy-bees-concierge-and-home-services-scottsdale-2,3,
Flooring,HM Flooring Group,Oscar M.,1 day,(602) 767-2500,hmflooringgroup.com,https://www.yelp.com/biz/hm-flooring-group-phoenix,3,
Plumbers,Reds Rooter,Marty H.,1 week,(602) 516-0041,,https://www.yelp.com/biz/reds-rooter-phoenix,2,
Plumbers,Gary The Handyman Guy,Gary M.,1 day,(602) 390-9204,,https://www.yelp.com/biz/gary-the-handyman-guy-phoenix,2,
Landscapers,Nico's Landscaping,Ruben T.,3 hours,(480) 516-9860,,https://www.yelp.com/biz/nicos-landscaping-avondale-3,2,
Landscapers,Salvador Landscaping,Salvador H.,9 hours,(480) 450-8957,,https://www.yelp.com/biz/salvador-landscaping-phoenix,2,
Windows & Doors,Phoenix Commercial Glazing Contractor,,3 days,,,https://downtobid.com/contractors/glazing/phoenix,2,
Windows & Doors,Phoenix Sliding Doors,,50 minutes,,,https://www.yelp.com/biz/phoenix-sliding-doors-phoenix-2,2,
Home Organization,AZ Home Glow,,50 minutes,,,https://www.yelp.com/search?find_desc=Home+Organization&find_loc=Phoenix%2C+AZ,2,
Windows & Doors,"Affordable Windows, Doors & More",,2 days,,,https://www.yelp.com/search?find_desc=Window+Screens&find_loc=Sahuarita%2C+AZ,2,
Landscaping & Cleaning,Morales Landscaping and Cleaning Services,,>2 hours,(602) 581-9230,,https://www.yelp.com/biz/morales-landscaping-and-cleaning-services-phoenix-2,2,
General Contractors,Better Than New Contractors,,10 hours,,,https://www.yelp.com/search?find_desc=Contractors&find_loc=Phoenix%2C+AZ,2,
Windows & Doors,Window Installation Phoenix,,4 hours,,,https://www.yelp.com/search?find_desc=Window+Installation&find_loc=Phoenix%2C+AZ,2,
Handyman,Hammertime Handyman Services,,2 days,,,https://www.yelp.com/biz/hammertime-handyman-services-tempe-5,2,
Windows & Doors,Desert King Windows,,10 minutes,,,https://www.yelp.com/biz/desert-king-windows-phoenix-2,1,
,,,,,,,,admin@azlawns.com
Landscaper,SOl Seekers,Dave,3 hours,(623) 335-5157,,,,
