Category,Business Name,Owner Name,Response Time,Phone,Website,Yelp URL,Purchase Likelihood (1-5),Likelihood Reasoning,EMAIL,SUBJECT,_all_emails
Plumbers,Capstone Plumbing,Erica S.,12 hours,(602) 510-1614,capstone-plumbing.com,https://www.yelp.com/biz/capstone-plumbing-cave-creek,4,Medium-sized plumbing company with website and professional presence. Response time indicates good operational capacity. Likely benefits from analytics for customer acquisition tracking and service efficiency.,office@capstone-plumbing.com,,
Plumbers,Reds Rooter,Marty H.,1 week,(602) 516-0041,,https://www.yelp.com/biz/reds-rooter-phoenix,2,Very slow response time (1 week) and no website suggests minimal digital sophistication. Owner Marty H. responds to reviews but business appears less tech-focused. Lower likelihood for analytics adoption.,,,
Plumbers,Gary The Handyman Guy,Gary M.,1 day,(602) 390-9204,,https://www.yelp.com/biz/gary-the-handyman-guy-phoenix,2,Solo operator/handyman service with no website. 1-day response time acceptable but limited digital presence suggests lower sophistication. Small operation may not see ROI in analytics services.,,,
,,,,,,,,,admin@azlawns.com,,admin@azlawns.com
Plumbers,Good Times Plumbing & Restoration,Trenton M.,2 hours,(480) 525-8095,goodtimesrestoration.com,https://www.yelp.com/biz/good-times-plumbing-and-restoration-chandler-2,5,Excellent response time (2 hours) and professional website. Offers both plumbing AND restoration services indicating larger operation. Multi-service businesses benefit most from analytics for resource allocation and customer segmentation.,,,
Plumbers,Apple Plumbing,Joni V.,1 day,(480) 425-8282,appleplumbingaz.com,https://www.yelp.com/biz/apple-plumbing-scottsdale-2,4,Established business with website and Scottsdale location (affluent area). 1-day response time indicates busy operation. Owner Joni V. shows engagement. Good fit for analytics to optimize scheduling and marketing spend.,,,
Plumbers,Crew Of Two Phoenix,Virginia A.,2 hours,(480) 217-2788,crewoftwophoenix.com,https://www.yelp.com/biz/crew-of-two-phoenix-phoenix-3,3,"Very fast 2-hour response time and website present. Small operation (crew of two) but professional. Mid-range likelihood as small size may limit budget, but digital presence shows openness to tech solutions.",,,
Plumbers,Copper State Home Maintenance & Repair,Michael D.,6 hours,(602) 570-4476,copperstatehandymanservices.com,https://www.yelp.com/biz/copper-state-home-maintenance-and-repair-phoenix,4,Multi-service handyman/maintenance company with website. 6-hour response time reasonable. Broader service offerings suggest larger client base that would benefit from CRM and analytics integration.,,,
HVAC,Desert Diamond Air,Carlo C.,2 hours,(602) 535-8988,desertdiamondhvac.com,https://www.yelp.com/biz/desert-diamond-air-phoenix,5,"Excellent 2-hour response time and professional website. HVAC businesses have high-value jobs and need analytics for seasonal planning, equipment inventory, and customer lifecycle management. Strong fit.",desertdiamondair@gmail.com,,desertdiamondair@gmail.com
,,,,,,,,,admin@azlawns.com,,admin@azlawns.com
Landscapers,Nico's Landscaping,Ruben T.,3 hours,(480) 516-9860,,https://www.yelp.com/biz/nicos-landscaping-avondale-3,2,3-hour response time decent but no website indicates limited digital investment. Landscaping businesses without websites typically operate on referrals and may not see value in advanced analytics.,,,
Landscapers,Divine Design Landscaping,Nathan M.,5 hours,(602) 704-0821,divinedesignlawncare.com,https://www.yelp.com/biz/divine-design-landscaping-phoenix,4,"Has website and reasonable response time. Design-focused landscaping suggests higher-end clientele and project complexity. These businesses benefit from project tracking, customer retention analytics, and portfolio management.",,,
Landscapers,Sal's Landscape Construction (already in ),Salvador G.,2 hours,(602) 669-9410,salslandscapeconstruction.com,https://www.yelp.com/biz/sal-s-landscape-construction-phoenix,5,"Fast 2-hour response and website. 'Construction' in name suggests larger projects beyond basic maintenance. Complex project-based businesses have highest analytics needs for bid management, resource allocation, and profitability tracking.",,,
Landscapers,Salvador Landscaping,Salvador H.,9 hours,(480) 450-8957,,https://www.yelp.com/biz/salvador-landscaping-phoenix,2,No website and slow 9-hour response time suggests smaller operation focused on basic services. Limited digital presence indicates lower likelihood of investing in analytics solutions.,,,
Home Remodeling,AZ Remodel Pros ,Brian G.,1 day,(602) 887-8792,azremodelpros.com,https://www.yelp.com/biz/az-remodel-pros-phoenix,5,"Professional website and active owner (Brian G.) who responds to reviews. Remodeling projects are complex, high-value, and benefit greatly from analytics for project management, material costs, timeline tracking, and customer acquisition costs. Excellent fit.",azremodelpros@gmail.com,,azremodelpros@gmail.com
Pool Remodeling,Fireside Pools,Crystal Pereira P.,11 hours,(480) 239-2087,firesideazpools.com,https://www.yelp.com/biz/fireside-pools-phoenix,4,"Website present and reasonable response time. Pool remodeling is high-ticket service in Phoenix market. These businesses benefit from seasonal analytics, customer lifecycle management, and referral tracking. Strong candidate.",,,
Roofers,North Canyon Roofing and Coating,Eric T.,2 hours,(602) 469-9479,,https://www.yelp.com/biz/north-canyon-roofing-and-coating-glendale,3,"Excellent 2-hour response time but no website visible. Roofing is high-value industry that benefits from analytics, but lack of website suggests mid-level digital adoption. Moderate likelihood - could be convinced with right value proposition.",,,
Mobile Auto Detailing,Detail Boss,Christian and Chris P.,12 hours,(480) 823-5858,scottsdalecardetailing.com,https://www.yelp.com/biz/detail-boss-scottsdale-3,4,"Website present and Scottsdale location (affluent market). Mobile services benefit from route optimization, customer retention analytics, and subscription tracking. Partnership ownership shows growth mindset. Good candidate.",,,
Home Cleaning,GCM House Cleaning,Cristina H.,2 hours,(602) 348-3071,,https://www.yelp.com/biz/gcm-house-cleaning-phoenix,3,"Fast 2-hour response time shows strong operations but no website. Cleaning services benefit from scheduling analytics and customer retention tracking, but lack of website suggests limited tech investment currently. Moderate fit.",,,
,,,,,,,,,admin@azlawns.com,,admin@azlawns.com
,,,,,,,,,admin@azlawns.com,,admin@azlawns.com
Landscaping,JCast Landscaping,,1 day,,,https://www.yelp.com/biz/jcast-landscaping-phoenix,3,Landscaping services have moderate purchase likelihood as homeowners regularly need maintenance and seasonal services/ website is not functioning ,,,
Window Cleaning,AZ Window Cleaners,,Unknown,(602) 663-9326,,https://www.yelp.com/biz/az-window-cleaners-phoenix,4,"Established business with good rating (4.8 stars) and 5 reviews, has physical address and phone number indicating professional operation",,,
Window Cleaning,Krystal Clear Windows,,Unknown,(602) 513-3790,,https://www.yelp.com/biz/krystal-clear-windows-phoenix,3,"Lower rating (3.1 stars) with 15 reviews, but has established presence and phone number",,,
,,,,,,,,,admin@azlawns.com,,admin@azlawns.com
Landscaper,SOl Seekers,Dave,3 hours,(623) 335-5157,,,,,,,
Landscaping,Landscaping Contractors CRG LLC,Chuck Giordano,Unknown,(602) 548-1088,https://landscapingcontractorsaz.com/,Not available,4,"Family-run business since 1978 with established reputation and professional website, shows stability and growth potential",,,
"Window Cleaning, Landscaping",Blue Sky Window Cleaning & Landscaping Services,,4+ hours,,,https://www.yelp.com/biz/blue-sky-window-cleaning-and-landscaping-services-phoenix,3,"Multi-service provider (window cleaning + landscaping) suggests established business with diverse revenue streams, but smaller operation may have limited marketing budget",,,
"Window Washing, Landscaping, Tree Services",Five Star Property Maintenance,,3+ hours,,,https://www.yelp.com/biz/five-star-property-maintenance-phoenix,4,"Good rating (4.3/5) and multi-service offering suggests quality work and growth potential, likely seeking marketing solutions to expand customer base",,,
Landscaping,G&S Landscaping,,30 minutes,,,https://www.yelp.com/biz/g-and-s-landscaping-phoenix-3,4,Established landscaping business with good response time and 4.6 rating with 45 reviews indicates professional operation and potential for larger projects,,,
General Contractors,AZ Remodel Pros,,8 hrs,,,https://www.yelp.com/biz/az-remodel-pros-phoenix,3,100% response rate but 8hr response time suggests busy with existing clients - moderately likely to purchase additional services,azremodelpros@gmail.com,,azremodelpros@gmail.com
Landscaping,Sal's Landscape Construction,Sal,2 hrs,,,https://www.yelp.com/biz/sal-s-landscape-construction-phoenix,4,"100% response rate with 2hr response time, landscaping businesses often need ongoing supplies and services",,,
Landscaping,Luxury Turf and Green,,3 hours,,,https://www.yelp.com/search?cflt=landscaping&find_loc=Phoenix%2C+AZ+85028,4,"Landscaping services typically have good purchase likelihood, especially with 3-hour response time indicating active business engagement",,,
"Window Cleaning, Landscaping",Blue Sky Window Cleaning & Landscaping Services,,Estimated >2 hours,,,https://www.yelp.com/biz/blue-sky-window-cleaning-and-landscaping-services-phoenix,3,"Multi-service provider (window cleaning + landscaping) suggests established business with diverse revenue streams, moderate likelihood for additional services",,Blue Sky Window Cleaning & Landscaping Services - Phoenix-based multi-service provider,
"Window Cleaning, Property Care",Homey Property Care,Francisco Cisneros,Estimated >2 hours,(928) 388-7763,,https://www.yelp.com/biz/homey-property-care-phoenix,4,"High-rated (5 stars) small business with personal owner involvement, good reputation suggests higher likelihood for quality service purchases",homeypropertycare@gmail.com,,homeypropertycare@gmail.com
Landscaping,AAA Landscape,,Unknown - requires further investigation,602.437.2690,https://www.aaalandscape.com/,,4,"Established company with professional website and clear contact information, appears to be actively marketing services",,,
Window Cleaning & Landscaping,Blue Sky Window Cleaning & Landscaping Services,,Unknown,(602) 386-7380,,https://www.yelp.com/biz/blue-sky-window-cleaning-and-landscaping-services-phoenix,3,"Dual service offering (window cleaning + landscaping) suggests established business with diverse revenue streams, but limited online presence information available",,,
Property Maintenance,Five Star Property Maintenance,,Unknown,,,https://www.yelp.com/biz/five-star-property-maintenance-phoenix,4,"Multi-service provider (window washing, landscaping, tree services) with 4.3 star rating indicates established business with good customer satisfaction",,Five Star Property Maintenance - Prospecting Lead,
Window Cleaning,Homey Property Care,Francisco Cisneros,Unknown,(928) 388-7763,,https://www.yelp.com/biz/homey-property-care-phoenix,5,"Perfect 5.0 rating with 8 reviews, owner name identified (Francisco Cisneros), phone number available - strong indicators of responsive, quality service provider",homeypropertycare@gmail.com,,homeypropertycare@gmail.com
"Window Cleaning, Landscaping",Blue Sky Window Cleaning & Landscaping Services,,Unknown,(602) 386-7380,,https://www.yelp.com/biz/blue-sky-window-cleaning-and-landscaping-services-phoenix,4,Multi-service business (window cleaning + landscaping) with established Yelp presence suggests they invest in marketing and likely purchase business services regularly,,,
"Property Maintenance, Window Washing, Landscaping, Tree Services",Five Star Property Maintenance,,Unknown,,,https://www.yelp.com/biz/five-star-property-maintenance-phoenix,4,Multi-service property maintenance company with good Yelp rating (4.3/5) and active customer reviews suggests professional operation likely to invest in business services,,,
Window Cleaning & Landscaping,Blue Sky Window Cleaning & Landscaping Services,,Over 2 hours,(602) 386-7380,,https://www.yelp.com/biz/blue-sky-window-cleaning-and-landscaping-services-phoenix,4,"Multi-service provider with both window cleaning and landscaping services, likely to have higher service needs and budget for additional services",,,
Landscaping,Mariano's Landscaping Maintenance,,11 hours,,,https://www.yelp.com/biz/marianos-landscaping-maintenance-phoenix-3,4,"High rating (4.7/5) with good review count (11), but slow response time (11 hours) indicates potential need for better customer service systems",,,
General Contractor,Nombrano Construction,,10 hours,,,https://www.yelp.com/biz/nombrano-construction-phoenix,4,"100% response rate shows reliability, but 10-hour response time indicates room for improvement in customer service speed",,,
Window Cleaning,Outside Cleaning Services,,1 day,,,https://www.yelp.com/biz/outside-cleaning-services-phoenix,3,"Very slow response time (1 day) and low response rate (25%) indicates poor customer service, but window cleaning is a needed service",,,
General Contractor,Phoenix General Contractor (4hr response),,4 hrs,,,https://www.yelp.com/search?cflt=contractors&find_loc=Phoenix%2C+AZ,4,"Good rating (4.6/5) with high review count (1270), 100% response rate, but 4-hour response time could be improved for better customer service",,,
Windows & Doors,Phoenix Commercial Glazing Contractor,,3 days,,,https://downtobid.com/contractors/glazing/phoenix,2,Very slow response time (3 days average) indicates poor customer service and likely losing business to faster competitors,,,
HVAC,Arizona Cooling and Heating Specialists LLC,,90 minutes,,https://www.arizonacoolingandheatingspecialistsllc.com,https://www.arizonacoolingandheatingspecialistsllc.com/service-areas/phoenix-az,3,90-minute response time is better than many but still room for improvement in customer service speed for HVAC emergencies,,,
Window Treatment Store,Arizona's Blind Brothers,,Not specified,(480) 548-2224,,,4,"Established window treatment business with good ratings, likely to need marketing services for lead generation",,,
Window Treatment Store,Arizona Blinds Company,,Not specified,(623) 900-1316,arizonablindscompany.com,,4,"Well-rated window treatment company with established online presence, good prospect for marketing services",hello@arizonablindscompany.com,,hello@arizonablindscompany.com
Window Treatment Store,Arizona Window Coverings Center,,Not specified,(602) 223-1173,,,5,"Highly rated window treatment business with 214 reviews, established presence, excellent prospect for marketing services",office@arizonawcc.com,,office@arizonawcc.com
Landscaping,AMS Landscaping,,11 hours,(602) 944-0421,azlawns.com,,5,"Established landscaping company since 1969 with 11-hour response time, perfect target for faster response marketing services",admin@azlawns.com,,admin@azlawns.com
Window Cleaning Service,AZ Window Cleaners,,Not specified,,phoenixwindowcleaning.com,,4,"15+ years in business with 4.9 rating, established window cleaning service likely needing lead generation",,AZ Window Cleaners - Window Cleaning Service,
Landscaping,Sol Seekers,,2 hours,,Solseekerslandscaping.com,,4,"Landscaping company with exactly 2-hour response time, good candidate for faster response marketing services",,,
General Contractors,Nombrano Construction,,10 hours,,,,5,"General contractor with 10-hour response time and 100% response rate, excellent target for faster response marketing services",,,
General Contractors,EL Construction,,1 day,,,,5,"General contractor with 1-day response time and 4.8 rating, prime candidate for faster response marketing services to improve lead conversion",,,
General Contractors,Old Reliable Construction,,Not specified,(602) 935-1485,,,3,"Small contractor with 4.2 rating and 5 reviews, moderate prospect for marketing services",,,
Landscaping,Pro-Service Landscaping & Construction,,2 hours,,,https://www.yelp.com/biz/pro-service-landscaping-and-construction-phoenix-2,4,Landscaping business with 100% response rate and 2-hour response time indicates good customer service but slower response suggests they may be busy and could benefit from efficiency tools,,,
Window Cleaning,Clean Rite Window Service,,12 hours,,,https://www.yelp.com/biz/clean-rite-window-service-goodyear,3,"Window cleaning service with 12-hour response time suggests room for improvement in customer responsiveness, moderate likelihood for efficiency solutions",,,
Shades & Blinds,Arizona Blinds and More,,8 hours,,,https://www.yelp.com/search?cflt=blinds&find_loc=Phoenix%2C+AZ,4,Shades and blinds business with 8-hour response time and 100% response rate shows commitment but slow response indicates potential for automation tools to improve efficiency,,,
General Contractors,Phoenix Home Remodeling,,3 hours,,,https://www.yelp.com/biz/phoenix-home-remodeling-chandler-2,4,"Home remodeling contractor with 3-hour response time and 100% response rate, good ratings (5 stars, 30 reviews) suggests established business that could benefit from faster response automation",,Phoenix Home Remodeling - Prospecting Lead,
General Contractors,Nombrano Construction,,10 hours,,,https://www.yelp.com/biz/nombrano-construction-phoenix,3,"Construction company with 10-hour response time and 100% response rate, operates 24 hours but slow response suggests manual processes that could benefit from automation",,,
Windows & Doors,Factory Direct Windows,,1 day,,,https://www.yelp.com/biz/factory-direct-windows-phoenix,5,Windows installation business with 1-day response time and 100% response rate shows very slow response despite good service commitment - high potential for automation solutions to dramatically improve customer experience,travis@factorydirectwindows.com,Factory Direct Windows - Prospecting Lead,travis@factorydirectwindows.com
Windows & Doors,Phoenix Sliding Doors,,50 minutes,,,https://www.yelp.com/biz/phoenix-sliding-doors-phoenix-2,2,"Sliding doors specialist with 50-minute response time and 100% response rate - already has good response time under 2 hours, lower likelihood for automation needs",,,
Windows & Doors,Desert King Windows,,10 minutes,,,https://www.yelp.com/biz/desert-king-windows-phoenix-2,1,"Windows contractor with 10-minute response time and 100% response rate - excellent response time well under 2 hours, very low likelihood for automation needs",,,
HVAC,Phoenix HVAC Contractor,,3 hours,,,https://www.yelp.com/search?cflt=hvac&find_loc=Phoenix%2C+AZ,4,HVAC contractor with 3-hour response time and 100% response rate - good service commitment but slower response in emergency HVAC situations could benefit from automation for faster customer communication,,,
Home Organization,AZ Home Glow,,50 minutes,,,https://www.yelp.com/search?find_desc=Home+Organization&find_loc=Phoenix%2C+AZ,2,"Home organization service with 50-minute response time and 100% response rate - good response time under 2 hours, lower likelihood for automation needs",,AZ Home Glow,
Landscaping,Pro Natural Landscape LLC,Elmer ,Unknown,(602) 643-9342,https://pronaturallandscape.com/,,4,"Established business with 11+ years experience, professional website, multiple services, good customer reviews, and active online presence indicating growth potential",,,
Window Treatments/Blinds,Arizona Blinds Company,Jack,Unknown,(623) 900-1316,https://arizonablindscompany.com/,,4,"Established business with professional website, good reviews (4.9 stars), multiple contact methods, operating hours listed, and active chat support indicating growth potential",hello@arizonablindscompany.com,,
Home Services/Handyman,TPG Home Services,,4 hours,(602) 400-2369,,https://www.yelp.com/biz/tpg-home-services-phoenix,3,"Mid-sized home services company with decent response time, established Yelp presence with good ratings (4.7 stars, 13 reviews), offers multiple services which indicates growth potential",,,
Landscaping,Green Forever Arizona Synthetic Turf & Pavers,,1 day,info@synturfdirect.com,,https://www.yelp.com/biz/green-forever-arizona-synthetic-turf-and-pavers-phoenix,4,"Specialized landscaping company with high-end services (synthetic turf, pavers), 1-day response time indicates high demand, good ratings (4.7 stars, 84 reviews), likely has budget for marketing services",info@synturfdirect.com,,info@synturfdirect.com
Moving Services,Moving At Ease,,4 hours,,,https://www.yelp.com/biz/moving-at-ease-scottsdale,3,"Moving company with 4-hour response time, good ratings (4.5 stars, 113 reviews), moving companies often need marketing services for lead generation",,,
Moving Services,Budget Movers,,3 hours,,,https://www.yelp.com/biz/budget-movers-glendale-2,3,"Budget-focused moving company with 3-hour response time, good ratings (4.4 stars, 159 reviews), budget companies often seek cost-effective marketing solutions",,,
Windows and Doors,Factory Direct Windows,,1 day,,,https://www.yelp.com/biz/factory-direct-windows-phoenix,4,"Factory direct business model suggests good margins, 1-day response time indicates high demand, perfect 5-star rating shows quality service, likely has budget for marketing to maintain growth",travis@factorydirectwindows.com,,travis@factorydirectwindows.com
Windows and Doors,K & J Windows,,6 hours,,,https://www.yelp.com/biz/k-and-j-windows-phoenix,4,"Specialized in residential replacement windows and doors, 6-hour response time indicates busy operation, excellent ratings (4.7 stars, 211 reviews), established business likely has marketing budget",,,
Windows and Doors,Sunny State Glass,,8 hours,,,https://www.yelp.com/biz/sunny-state-glass-phoenix,3,"Glass and windows company with 8-hour response time, perfect 5-star rating but only 7 reviews suggests smaller operation, 75% response rate indicates some capacity issues",,,
Glass & Mirrors,Valleywide Glass,,12 hours,,,https://www.yelp.com/biz/valleywide-glass-phoenix-6,3,"Glass company with 12-hour response time indicates very busy operation, good ratings (4.3 stars, 22 reviews), 100% response rate shows reliability, moderate purchase likelihood due to slower response",,,
Windows and Doors,Apodaca's Glass & Door,,3 hours,,,https://www.yelp.com/biz/apodacas-glass-and-door-phoenix-2,4,"Established glass and door company with 3-hour response time, good ratings (4.3 stars, 57 reviews), 100% response rate shows excellent customer service, likely has steady revenue for marketing investment",,,
Landscaping,Ground Zero Landscape,Chad,Unknown,,http://www.groundzerolc.com/,https://www.yelp.com/biz/ground-zero-landscape-phoenix,4,"Established landscape contractor with professional website, serves both residential and commercial, good testimonials indicate growth potential",,,
Landscaping,Goodman's Landscape Maintenance,Unknown,Unknown,602-861-1144,http://www.goodmanslandscape.com/,https://www.yelp.com/biz/goodmans-landscape-maintenance-llc-phoenix,5,"40+ years in business, established company with professional website, ROC licensed, ALCA member, serves both residential and commercial",,,
Windows and Doors,K & J Windows,Unknown,20 minutes,,,https://www.yelp.com/biz/k-and-j-windows-phoenix,3,"Fast response time (20 min) but specializes in residential replacement windows, may have lower volume needs",,,
Windows and Doors,Factory Direct Windows,Unknown,1 day,,,https://www.yelp.com/biz/factory-direct-windows-phoenix,4,"1 day response time indicates high demand, 100% response rate, factory direct suggests volume business",travis@factorydirectwindows.com,,travis@factorydirectwindows.com
Windows and Doors,Krasiva Windows and Doors,Unknown,11 hrs,,,https://www.yelp.com/biz/krasiva-windows-and-doors-phoenix,5,"11 hour response time indicates very busy business, high demand suggests strong revenue potential",,,
General Contractors,AZ Remodel Pros,Unknown,4 days,,,https://www.yelp.com/biz/az-remodel-pros-phoenix,5,"4 day response time indicates extremely busy contractor, 100% response rate, remodeling contractors typically have high project values",azremodelpros@gmail.com,,azremodelpros@gmail.com
Landscaping,Colorworks Landscaping,Jon,24 hours,602-492-2206,https://colorworkslandscapeaz.com,https://www.yelp.com/biz/colorworks-landscaping-phoenix-8,4,"Established company with 25+ years experience, active online presence, professional website, and good reviews indicating strong business operations",info@colorworkslandscapeaz.com,,info@colorworkslandscapeaz.com
Landscaping/Hardscaping,Camelback Hardscapes,Unknown,3+ hours,480-600-8011,,https://www.yelp.com/biz/camelback-hardscapes-scottsdale,3,"Established hardscaping company in Scottsdale area with good reviews, but limited online presence and contact information",,,
Landscaping/Design,Envirogreen Landscape Design-Build,Unknown,30 minutes,Not found on website,https://envirogreenaz.com,https://www.yelp.com/biz/envirogreen-landscape-design-build-scottsdale,5,"Premium landscape design company with 25 years experience, professional 3D design services, comprehensive website, fast response time, and serves high-end areas like Scottsdale and Paradise Valley",info.envirogreenaz@gmail.com,,info.envirogreenaz@gmail.com
Landscaping,Granado's Landscaping,,6 hours,(480) 395-4072,,https://www.yelp.com/biz/granados-landscaping-phoenix,4,High response time (6 hours) indicates less competition and potential availability for new clients. Established business with good reviews.,,,
Landscaping,Friendly Professional Landscaping,,6 hours,,,https://www.yelp.com/biz/friendly-professional-landscaping-phoenix,4,6-hour response time suggests lower competition and potential availability. Professional landscaping services with established presence.,,,
Landscaping,KO's Landscaping,,3 hrs,,,,3,3-hour response time indicates moderate availability. Has 66 reviews but only 25% response rate suggests potential opportunity for better service.,,,
Landscaping,Colorworks Landscaping,Unknown,3+ hours,602-492-2206,https://colorworkslandscapeaz.com/,https://www.yelp.com/biz/colorworks-landscaping-phoenix-8,4,"Well-established landscaping company with professional website, active social media presence, and good online reviews - strong potential for equipment purchases",info@colorworkslandscapeaz.com,,info@colorworkslandscapeaz.com
Landscaping,Nevarez Landscape,Unknown,3+ hours,480-558-6293,https://nevarezlandscapeservices.com,https://www.yelp.com/biz/nevarez-landscape-phoenix,4,"Family-owned landscape company with 20+ years experience, professional website, and strong review ratings - good potential for equipment needs",info@nevarezlandscapeservices.com,,info@nevarezlandscapeservices.com
Window Cleaning,Jay's Window Cleaning,Unknown,30 minutes,602-399-3556,https://jayswindowcleaning.com/,Unknown,3,Family-owned window cleaning service with quick response time but smaller operation - moderate potential for equipment purchases,,,
Window Cleaning,AZ Window Cleaners,Unknown,20 minutes,,,https://www.yelp.com/biz/az-window-cleaners-phoenix,3,Window cleaning service with fast response time but limited online presence - moderate potential for equipment purchases,,,
General Contractor,Exact Building,,4 days,(602) 421-8199,,https://www.yelp.com/biz/exact-building-phoenix,3,General contractor with slow response time indicates potential capacity issues but established business presence,,,
General Contractor,Valley Paraiso,,5 hrs,,,https://www.yelp.com/search?cflt=contractors&find_loc=Phoenix%2C+AZ,4,"5-hour response time suggests busy but responsive business, likely has steady work flow",,,
General Contractor,Rebuild Arizona Construction,,4 hrs,,,https://www.yelp.com/biz/rebuild-arizona-construction-phoenix-2,4,"4-hour response time indicates busy contractor with good business flow, responsive customer service mentioned in reviews",,,
Window Cleaning,Fish Window Cleaning,,8 hrs,,,https://m.yelp.com/search?find_desc=fish+window+cleaning&find_loc=Phoenix%2C+AZ,3,"8-hour response time suggests moderate demand, established franchise brand with 100% response rate",,,
Landscaping,Divine Design Landscaping,,3 hrs,,,https://www.yelp.com/search?cflt=landscaping&find_loc=Phoenix%2C+AZ+85013,4,"3-hour response time with 100% response rate indicates reliable service, good customer engagement",,,
Windows & Doors,"Affordable Windows, Doors & More",,2 days,,,https://www.yelp.com/search?find_desc=Window+Screens&find_loc=Sahuarita%2C+AZ,2,"2-day response time suggests very slow customer service, may indicate capacity issues or poor business management",,,
Windows & Doors,Energy Shield Windows Doors,,2 hrs,,,https://www.m.yelp.com/search?find_desc=Doors+and+Windows&find_loc=Casa+Grande%2C+AZ,5,"Exactly 2-hour response time threshold, 100% response rate, established business with verified license",,,
General Contractor,Phoenix General Contractor,,1 day,,,https://m.yelp.com/search?cflt=contractors&find_loc=Dmg+Financial%2C+Phoenix%2C+AZ+85050,2,1-day response time with 50% response rate indicates inconsistent customer service and potential reliability issues,,,
Awnings,Phoenix Awning Company,,12 hrs,,,https://www.yelp.com/search?cflt=awnings&find_loc=Ahwatukee+Foothills+Village%2C+Phoenix%2C+AZ,3,"12-hour response time with 100% response rate suggests busy but reliable business, specialized awning services",,,
Handyman,Honest Handyman Service,,5 hours,,,https://www.yelp.com/biz/honest-handyman-service-phoenix,4,"5-hour response time with 100% response rate indicates busy but reliable handyman service, good customer engagement",,,
Landscaping,Landscaping Contractors CRG LLC,,Unknown,602-548-1088,https://landscapingcontractorsaz.com/,,3,"Established local contractor with ROC license, likely has steady business but may be open to new opportunities",,,
Landscaping,Goodman's Landscape,,Unknown,,https://www.goodmanslandscape.com/,,4,"Phoenix landscaping company serving community since 1984, established reputation suggests good potential for services",,,
Landscaping,Gothic Landscape Inc,,Unknown,602-470-1711,https://gothiclandscape.com/location/arizona/,,4,"Commercial landscaping company with established Phoenix branch location, likely has budget for business services",,,
Landscaping,AAA Landscape,,Unknown,602-437-2690,https://www.aaalandscape.com/contact-us/,,3,"Established landscaping company with Phoenix office, standard business profile suggests moderate potential",,,
Landscaping,Divine Design Landscaping,,Unknown,602-769-4564,https://www.divinedesignlawncare.com/,,4,"Full-service landscaping company offering construction, hardscapes, lawn care, tree services, and irrigation - comprehensive services suggest good business potential",,,
Landscaping,AMS Landscaping,,Unknown,602-944-0421,https://azlawns.com/,,4,"Established company serving Phoenix since 1969, long history and residential/commercial services indicate strong business potential",admin@azlawns.com,,admin@azlawns.com
Window Cleaning,Crystal Clear Choice Window Cleaning,,Unknown,602-824-8832,https://www.cccwindowcleaning.com/contact,,3,"Local window cleaning service with established contact information, moderate potential for business services",,,
Landscaping,Valle Verde Lawn Care,,3+ hours,,,https://www.yelp.com/search?cflt=landscaping&find_loc=Phoenix%2C+AZ,4,Landscaping services typically have higher purchase intent as they require ongoing maintenance contracts and seasonal work,,,
Landscaping/Hardscaping,Camelback Hardscapes,,4+ hours,,,https://www.yelp.com/search?cflt=landscaping&find_loc=Phoenix%2C+AZ,5,"Hardscaping services involve high-value projects like patios, retaining walls, and outdoor living spaces with strong purchase intent",,,
Landscaping,Salvador Landscaping,,3+ hours,,,https://www.yelp.com/search?cflt=landscaping&find_loc=Phoenix%2C+AZ,4,Established landscaping company likely serving both residential and commercial clients with regular maintenance needs,,,
Window Cleaning,AZ Window Cleaners,,3+ hours,,,https://www.yelp.com/biz/az-window-cleaners-phoenix,3,Window cleaning services have moderate purchase likelihood with regular residential and commercial maintenance contracts,,,
Window Cleaning,Your Window Guy,,4+ hours,(602) 538-1535,,https://www.yelp.com/search?cflt=windowwashing&find_loc=Phoenix%2C+AZ,3,"Local window cleaning service with phone contact available, moderate purchase intent for regular cleaning services",,,
Shades & Blinds,"Phoenix Shades, Shutters and Drapery",,3+ hours,,,https://www.yelp.com/biz/phoenix-shades-shutters-and-drapery-peoria,4,Window treatment businesses typically have high-value projects with strong purchase intent for home improvement,,,
Shades & Blinds,Arizona Blinds and More,,3+ hours,,,https://www.yelp.com/biz/arizona-blinds-and-more-peoria,4,"Specialized in outdoor shades and blinds with recent positive reviews, indicating active business with good purchase potential",,,
General Contractors,Holtzman Remodeling,,4+ hours,,,https://www.yelp.com/search?cflt=contractors&find_loc=Phoenix%2C+AZ,5,Remodeling contractors have high purchase intent with 158 reviews indicating established business and high-value project potential,,,
General Contractors,Stellar Home Services,,3+ hours,,,https://www.yelp.com/search?cflt=contractors&find_loc=Phoenix%2C+AZ,4,Home services contractor with 154 reviews showing established customer base and regular service demand,,,
Blind & Window Cleaning Services,"About Blind Cleaning, Inc",Jim (Owner mentioned in reviews),4+ hours (Limited business hours Mon-Fri 10am-4pm),(602) 404-7250,https://www.blindcleaningarizona.com/,,4,"Established business since 1995, veteran-owned, 30 years experience, 5.0 rating with 15 reviews, professional website, multiple service offerings",,,
Window Treatments & Blinds,Arizona Blinds Company,"Isaac (Design Consultant), Chris (Installer)","3+ hours (Extended hours Mon-Fri 8am-7pm, Sat 10am-5pm, but closed Sundays)",623-900-1316,https://arizonablindscompany.com/locations/phoenix/,https://www.yelp.com/biz/arizona-blinds-company-phoenix,5,"Excellent ratings (4.9 overall, 4.8 Yelp, 5.0 Google), 90 reviews, licensed/bonded/insured, offers smart home automation, multiple service areas, professional website with live chat",hello@arizonablindscompany.com,,hello@arizonablindscompany.com
Landscaping & Yard Maintenance,AMS (Arizona Maintenance Services),Eli (mentioned in reviews),4+ hours (Same day estimates but maintenance scheduling likely longer),(602) 944-0421,https://azlawns.com/,,4,"50+ years in business, licensed/bonded/insured (ROC214175), 100% satisfaction guarantee, serves multiple cities, instant estimate feature, good customer reviews",,,
Handyman & Home Repair Services,One Home Solution,,"4+ hours (Serves entire Maricopa County, likely longer scheduling times)",(866) 201-5856,https://onehomesolution.com/arizona/,,4,"Multi-service company (handyman, window washing, painting), serves entire Maricopa County, 30-day guarantee, professional website, free estimates, local expertise",,,
Handyman & Home Repair,Phoenix Handyman Home Repair,Joe Vaughan,"3+ hours (Single owner operation, available weekends for emergency)",(602) 550-2139,https://www.phoenixhandymanhomerepair.com/,,5,"5.0 star rating with 6 reviews, licensed & insured, single owner (Joe Vaughan) provides personal service, wide range of services, professional website, free estimates, satisfaction guaranteed",phoenixhomerepair21@gmail.com,,phoenixhomerepair21@gmail.com
Window Cleaning & Landscaping,Blue Sky Window Cleaning & Landscaping Services,,>2 hours,(602) 386-7380,,https://www.yelp.com/biz/blue-sky-window-cleaning-and-landscaping-services-phoenix,3,"Mid-sized local service business with dual services, likely has steady customer base but may be interested in additional marketing or business services",,,
Window Cleaning,Professional Window Cleaning,,>2 hours,(480) 839-1707,https://www.getmywindowsclean.com,https://www.yelp.com/biz/professional-window-cleaning-phoenix,4,"Established business with professional website and 25+ years experience, likely has budget for business services and growth initiatives",,,
Shades & Blinds,Spectrum Shades and Shutters,George Lay,>2 hours,(602) 704-5828,https://spectrumshadesandshutters.com,https://www.yelp.com/biz/spectrum-shades-and-shutters-phoenix,4,"Established business with professional website, 20+ years experience, and active marketing presence - likely has budget for business growth services",,,
Landscaping/Hardscaping,Camelback Hardscapes,,>2 hours,(480) 600-8011,,https://www.yelp.com/biz/camelback-hardscapes-scottsdale,4,"High-end hardscaping contractor with excellent reviews (5.0 rating), likely has substantial project budgets and could benefit from business services",,,
Landscaping,Colorworks Landscaping,,>2 hours,(602) 492-2206,https://colorworkslandscapeaz.com,https://www.yelp.com/biz/colorworks-landscaping-phoenix-8,4,"Established landscaping company with 20+ years experience, professional website, and active social media presence - likely has budget for business growth services",info@colorworkslandscapeaz.com,,info@colorworkslandscapeaz.com
Landscaping & Cleaning,Morales Landscaping and Cleaning Services,,>2 hours,(602) 581-9230,,https://www.yelp.com/biz/morales-landscaping-and-cleaning-services-phoenix-2,2,"Smaller local business with dual services, may have limited budget but could be interested in cost-effective marketing solutions",,,
Windows & Doors,Phoenix Windows and Doors,,>2 hours,(602) 899-6260,https://phoenixazwindowsanddoors.com,,4,"Established windows and doors manufacturer with factory-direct pricing, professional website, likely has substantial project budgets and could benefit from business services",,,
Window Cleaning,Squeeky Kleen Windows,Not specified,Not specified (assumed >2 hours),(480) 221-1240,https://squeekykleenwindows.com/,Not available - found via Google search,4,"Established company with professional website, veteran-owned, covers entire Phoenix area, offers multiple services including window cleaning and solar panels - good prospect for home services",,,
Landscaping,Goodman's Landscape,Not specified,Not specified (assumed >2 hours),(602) 861-1144,https://www.goodmanslandscape.com/,Not available - found via Google search,5,"Established company since 1984, licensed contractor, ALCA member, SLM certified green company, serves residential and commercial, comprehensive services including design/installation/maintenance - excellent prospect",,,
General Contractor,Miko LLC,Not specified,Not specified (assumed >2 hours),(602) 888-2826,https://mikollc.com/,Not available - found via Google search,5,"Licensed general contractor with multiple certifications, serves commercial/residential/government projects, design-build company, established with professional website and office location - excellent prospect",info@mikollc.com,,info@mikollc.com
General Contractor,Miko LLC,Not specified,Not specified (assumed >2 hours),(602) 888-2826,https://mikollc.com/,Not available - found via Google search,5,"Licensed general contractor with multiple certifications, serves commercial/residential/government, design-build company, excellent customer reviews, comprehensive services - top prospect",info@mikollc.com,,info@mikollc.com
General Contractors,TrueWest Contracting LLC,,3 hours,(602) 676-0330,,https://m.yelp.com/biz/truewest-contracting-llc-phoenix,4,General contractor with 3-hour response time and 100% response rate indicates active business seeking customers,,,
Window Cleaning,Sky View Window Cleaning LLC,Luis,1 day,(623) 349-7012,skyviewwindowcleaningllc.com,https://www.yelp.com/biz/sky-view-window-cleaning-phoenix-4,4,"Window cleaning service with 1-day response time and 90% response rate, family-owned business indicates personal service but slower response suggests need for efficiency improvements",,,
Landscaping,Desert Sage Landscaping,Hector Alvarez,Unknown,(602) 664-0346,https://desertsagelandscape.com/,https://www.yelp.com/biz/desert-sage-landscaping-phoenix-3,4,"Established landscaping company with good reviews, offers multiple services including irrigation and artificial grass, active on social media and has professional website",,,
Shades & Blinds,Arizona Blinds Company,,1 day,(623) 900-1316,https://arizonablindscompany.com,https://www.yelp.com/biz/arizona-blinds-company-phoenix-6,4,"Family-owned business with 1-day response time, BBB accredited, serves both residential and commercial markets, established company with good online presence suggests marketing budget",hello@arizonablindscompany.com,,hello@arizonablindscompany.com
Roofing,Stonecreek Roofing,David Prestwich,2 hours,(602) 324-3400,https://stonecreekroofingaz.com,https://www.yelp.com/biz/stonecreek-roofing-phoenix,4,"Emergency roofing services with 2-hour response time, established company with professional website, serves Phoenix metro area, likely has marketing budget for urgent repair needs",,,
Flooring,Smarter Home Flooring,,3 hours,,,https://www.yelp.com/biz/smarter-home-flooring-phoenix,4,"3-hour response time indicates moderate demand, offers tiling and flooring services, general contractor services suggest larger projects and potential marketing budget",,,
Handyman,Nate's Extreme Handyman Services,,11 hours,,,https://www.yelp.com/biz/nates-extreme-handyman-services-phoenix,3,"11-hour response time indicates very busy operation or limited availability, offers handyman, electrical, and demolition services, multiple service offerings suggest potential for larger projects",,,
Cleaning Services,Anago Cleaning,,2 hours,,https://anagocleaning.com/phoenix/janitorial-services/movie-theaters/,,4,"Commercial cleaning service with 2-hour response time guarantee and 24/7 client service line, serves specialized venues like movie theaters, established franchise operation likely has marketing budget",,,
Pest Control,Kindly Pest,,24 hours,,https://kindlypest.com/,,4,"24-hour response time indicates busy operation, professional pest control service in Phoenix Arizona, established company with professional website suggests marketing budget for lead generation",,,
Pool Services,Only One Pool Service,,40 minutes,,,https://www.yelp.com/biz/only-one-pool-service-phoenix,5,"Very fast 40-minute response time with 100% response rate indicates high customer service standards, pool service businesses often need regular supplies and equipment, established operation likely has marketing budget",Onlyonepoolservice@gmail.com,,Onlyonepoolservice@gmail.com
HVAC,Cold Fusion Mechanical,,1 hour,480.518.4249,https://cfmphoenix.com/,,4,"1-hour phone response time for after-hours emergencies, HVAC contractors often need regular supplies and parts, established business with professional website suggests marketing budget",,,
Appliance Repair,Phoenix Appliance Repair,,5 hours,,,https://www.yelp.com/biz/phoenix-appliance-repair-gilbert-2,4,"5-hour response time with 100% response rate indicates busy but reliable service, appliance repair businesses often need parts and tools regularly, established operation suggests marketing budget",,,
Garage Door Repair,Quick Response Garage Door Service,,3 hours,,https://quickresponsegaragedoorservice.com/,,4,"3-hour response time indicates busy operation, garage door repair businesses often need parts and tools regularly, established company with professional website suggests marketing budget for lead generation",,,
Locksmith,Johnny Phoenix Locksmith,,2 hours,,,,4,"2-hour response time with 100% response rate indicates busy 24-hour locksmith service, emergency services typically have higher margins and marketing budgets for lead generation",,,
Tree Service,Arizona Tree Works,,45 minutes,602-596-4447,https://arizonatreeworks.com/,,5,"Very fast 45-minute response time well below industry average of 2 hours, emergency tree service indicates high-value projects, established company with professional website suggests strong marketing budget",info@arizonatreeworks.com,,info@arizonatreeworks.com
Landscaping/Artificial Turf,Turf Monsters,Mike Freeland,2 hours,(623) 780-7535,https://turfmonstersaz.com,https://www.yelp.com/biz/turf-monsters-phoenix,4,"Established business with strong online presence, active on social media, and handles large residential projects. Good potential for B2B services.",,,
Window Blinds & Shutters,Desert Blind and Shutter Repair,Heath Eisweirth,3 hours,(623) 759-5583,https://www.desertblindandshutterrepair.com,https://www.yelp.com/biz/desert-blind-and-shutter-repair-phoenix,3,Small repair-focused business with basic website. Limited growth potential but may need operational efficiency tools.,,,
Window Blinds & Shutters,Arizona Blinds Company,Not specified,1 day,(623) 900-1316,https://arizonablindscompany.com/locations/phoenix/,https://www.yelp.com/biz/arizona-blinds-company-phoenix-6,4,"Established company with multiple locations, BBB accredited, 100% response rate but slow response time indicates potential for efficiency improvements.",hello@arizonablindscompany.com,,hello@arizonablindscompany.com
Landscaping,Responsible Landscaping,,4 hrs,(602) 423-4473,,https://www.yelp.com/biz/responsible-landscaping-phoenix,3,Medium likelihood - established landscaping business with 4.6 rating but slower response time may indicate less aggressive sales approach,,,
Lawn Care,Lucas Lawn and Yard Care,,8 hrs,,,,4,"High likelihood - lawn care service with 8 hour response time suggests they may be busy but not overwhelmed, good potential for sales",,,
Pool Services,Sunset Pools,,3 hrs,,,,3,"Medium likelihood - pool service company with 4.5 rating and 3 hour response time, seasonal business may have varying needs",,,
Landscaping,AZ Empire Landscaping,,4 hrs,,,,3,"Medium likelihood - landscaping company with 4 hour response time, appears in multiple Phoenix area searches suggesting good coverage",,,
Landscaping,Torus Landscape,,3 hrs,,,,4,"High likelihood - landscaping company with 5.0 rating and 3 hour response time, appears across multiple Phoenix areas with good coverage",,,
Shades & Blinds,Desert Blind and Shutter Repair,Heath Eisweirth,3 hours,(623) 759-5583,https://www.desertblindandshutterrepair.com/,https://www.yelp.com/biz/desert-blind-and-shutter-repair-phoenix,4,"Strong local presence with established website, BBB profile, and owner-operated business in growing Phoenix market",,,
Handyman Services,Ready Go Handyman LLC,,5 hours,(623) 284-4269,,https://www.yelp.com/search?cflt=handyman&find_loc=Phoenix%2C+AZ,3,"Handyman services have moderate purchase likelihood, longer response time may indicate less competitive pricing but also less availability",,,
General Contractor,Arizona General Contractor,,4 hours,,,https://www.yelp.com/biz/arizona-general-contractor-tempe,4,"General contractor with reasonable response time and 100% response rate, specializes in bathroom remodeling which indicates active business operations",,,
Windows & Doors,Affordable Windows Plus Exteriors,,2 hours,,,https://www.yelp.com/biz/affordable-windows-plus-exteriors-gilbert-2,4,"Windows and doors contractor with 2-hour response time and 100% response rate, specializes in aluminum window installation indicating active business with good customer service",,,
Shades & Blinds,House of Shades,,40 mins,,,https://www.yelp.com/search?find_desc=Blinds+Installation&find_loc=Phoenix%2C+AZ,5,"High-end motorized custom window treatments specialist with excellent 40-minute response time and 100% response rate, premium service provider likely to have high-value projects",,,
Awnings & Shades,Liberty Awnings and Shades,,3 hrs,,,https://www.yelp.com/biz/liberty-awnings-and-shades-phoenix,4,"Awnings and shades specialist with 3-hour response time and 100% response rate, good customer service indicates active business with steady project flow",,,
Shades & Blinds,Spectrum Shades and Shutters,,1 day,(602) 704-5828,https://spectrumshadesandshutters.com/,,4,"High-end window treatments company with established online presence and professional website, likely to invest in marketing services",,,
Window Cleaning,SJ Professional Window Cleaning,,4 days,(602) 899-6346,,,3,Small local business with very slow response time indicates potential need for improved customer service and marketing systems,,,
Landscaping,Cactus Curbing and Landscaping,,4 hours,,,,3,Landscaping business with 4-hour response time suggests room for improvement in customer service efficiency and potential interest in marketing automation tools,,,
Landscaping,Daniel Landscaping,,4 hours,(480) 749-3299,,,4,Small landscaping business with good reviews (5.0 rating) but 4-hour response time indicates potential for improved customer service systems and marketing automation,,,
Landscaping,Ezequiel's Landscaping,Ezequiel,Unknown,(602) 487-2702,https://www.ezequielslandscapingphx.com/,,4,"Family-owned business with professional website, offers free quotes, serves entire Phoenix metro area, eco-friendly practices, and has positive customer testimonials",,,
General Contractors,Gibson's,,12 hours,,,https://www.yelp.com/search?cflt=contractors&find_loc=Phoenix%2C+AZ,4,Established general contractor with consistent 100% response rate indicates professional operation. 12-hour response time suggests they handle multiple projects and could benefit from business analytics tools.,,,
General Contractors,Hectors Framing and Construction,Hector,3+ days,,,https://www.yelp.com/search?cflt=contractors&find_loc=Phoenix%2C+AZ,3,Specialized framing contractor with very slow response time (3+ days) suggests they may be overwhelmed with work or lack efficient systems. Could benefit from business management tools but slower adoption likely.,,,
General Contractors,Better Than New Contractors,,10 hours,,,https://www.yelp.com/search?find_desc=Contractors&find_loc=Phoenix%2C+AZ,2,Poor response rate of only 35% combined with 10-hour response time indicates inconsistent customer service and potentially disorganized operations. Lower likelihood of investing in business improvement tools.,,,
Remodeling Contractors,TraVek Remodeling & Roofing,,3+ days,,,https://www.yelp.com/search?find_desc=Licensed+General+Contractor&find_loc=Phoenix%2C+AZ,4,Specialized remodeling and roofing contractor with 100% response rate shows reliability despite slow response time. Likely handles larger projects and could benefit from project management and analytics tools.,,,
Remodeling Contractors,AZ Remodel,,3+ days,,,https://www.yelp.com/search?find_desc=Construction+Contractor&find_loc=Phoenix%2C+AZ,4,"Professional remodeling company with 100% response rate indicates strong customer service commitment. Multi-day response time suggests high demand and larger project volume, making them good candidates for business optimization tools.",azremodelpros@gmail.com,,azremodelpros@gmail.com
General Contractors,Rebuild Contractors,,5 hours,,,https://www.yelp.com/search?cflt=contractors&find_loc=Phoenix%2C+AZ+85027,3,"Moderate response time of 5 hours with perfect response rate shows organized operations. Likely handles emergency repairs and reconstruction work, making them potential candidates for business management tools.",,,
Windows & Doors,Windows and Doors Near Me,,1 day,,,https://www.yelp.com/search?find_desc=Windows+And+Doors&find_loc=Phoenix%2C+AZ,4,Specialized windows and doors company with 24-hour response time and perfect response rate indicates professional operation. Likely handles both residential and commercial installations with steady project flow.,,,
Windows & Doors,Krasiva Windows and Doors,,12 hours,,,https://www.yelp.com/search?find_desc=Door+Installation&find_loc=Phoenix%2C+AZ+85027,4,Established windows and doors company with 12-hour response time suggests they handle multiple projects simultaneously. Professional naming and consistent response patterns indicate growth-oriented business that could benefit from analytics tools.,,,
Windows & Doors,Window Installation Phoenix,,4 hours,,,https://www.yelp.com/search?find_desc=Window+Installation&find_loc=Phoenix%2C+AZ,2,"Poor response rate of 35% despite 4-hour response time indicates inconsistent customer service. May be overwhelmed or lack proper systems, making them less likely to invest in additional business tools.",,,
Shades & Blinds,Window Treatments Selection Phoenix,,2 hours,,,https://www.yelp.com/search?find_desc=Window+Treatments+Selection&find_loc=Phoenix%2C+AZ,3,"Window treatments business with exactly 2-hour response time is at the threshold. Specialized service suggests they work with both residential and commercial clients, moderate potential for business analytics tools.",,,
Shades & Blinds,Austin Pierce Designs,Austin Pierce,5 hours,,,https://www.yelp.com/search?find_desc=Custom+Window+Treatments&find_loc=Maricopa%2C+AZ,4,Custom window treatments designer with 5-hour response time and perfect response rate indicates professional operation. Design-focused business likely serves higher-end clients and could benefit from project management and client analytics tools.,,,
Window Cleaning,Phoenix Window Cleaning,,Unknown - needs verification,602-663-9326,https://phoenixwindowcleaning.com,,4,"Established business with professional website and clear contact info, likely responsive to new opportunities",,,
Window Cleaning,Fish Window Cleaning,,Unknown - needs verification,602-441-2566,https://www.fishwindowcleaning.com/Phoenix-AZ-3006/,,4,"National franchise with local presence, professional operation likely to respond to business opportunities",,,
Window Cleaning,Paradise Window Cleaning,,Unknown - needs verification,480-289-1111,https://paradisewindowcleaning.org/,,3,"Local business serving Phoenix/Scottsdale area, offers multiple services including blind cleaning and screen repair",,,
Landscaping,Phoenix Landscapers,,Unknown - needs verification,480-428-3592,,https://www.yelp.com/biz/phoenix-landscapers-phoenix,3,"Local landscaping business with Yelp presence, address at 4601 E Willow Ave Phoenix AZ 85032",,,
Landscaping,Haley's Landscaping and Home Services,,Unknown - needs verification,602-642-7477,,https://www.yelp.com/biz/haleys-landscaping-and-home-services-phoenix,4,"Multi-service business offering both landscaping and home services, good diversification suggests growth-oriented company",,,
Landscaping,Sal's Landscape Construction,,Unknown - needs verification,480-501-9155,,https://www.yelp.com/biz/sal-s-landscape-construction-phoenix,4,"Established landscape construction company with 352 photos on Yelp, shows active business presence and customer engagement",,,
Shades & Blinds,AZ Blinds Express,,Unknown - needs verification,,https://azblindsexpress.com/phoenix/,,4,"Specializes in motorized shades and blinds with Somfy technology, serves Phoenix area, professional website indicates established business",,,
Shades & Blinds,Sunburst Shutters Phoenix,,Unknown - needs verification,,https://www.sunburstshuttersaz.com/,,4,"Established company offering plantation shutters, custom shades, and blinds with professional website and broad product assortment",,,
Shades & Blinds,Arizona Window Covering Company,,Unknown - needs verification,602-600-0206,https://arizonawcc.com,,4,"Offers motorized shades and blinds with remote control, professional operation with contact form and phone support",office@arizonawcc.com,,office@arizonawcc.com
Shades & Blinds,A to Z Shades,,Unknown - needs verification,,https://atozshadesandshutters.com/,,4,"Mesa-based custom window treatment experts offering motorized solutions, serves Phoenix area, professional website indicates established business",,,
Landscaping,Arizona Lawn & Garden,,Unknown - needs verification,855-707-5914,https://azlawnandgarden.com,,4,"Professional landscaping company offering free estimates, toll-free number suggests established operation serving Phoenix area",,,
Window Cleaning,Phoenix Window Cleaning,AM Pros,Unknown - needs verification,602-663-9326,https://phoenixwindowcleaning.com,,4,"Established business with professional website, multiple services, and clear contact info. Good prospect for B2B services.",,,
Landscaping,Turf Monsters,,4 hours,(623) 780-7535,turfmonstersaz.com,https://www.yelp.com/biz/turf-monsters-phoenix,4,Established business with professional website and good online presence but slower response time indicates room for improvement in customer service automation,,,
Landscaping,RN Landscape,Reynaldo Nicolas,1 day,(602) 423-8278,,https://www.yelp.com/biz/rn-landscape-phoenix-2,3,Very slow response time (1 day) indicates significant need for customer service automation and lead management systems,,,
Landscaping/Artificial Turf,Turf Monsters,,4 hours,(623) 780-7535,https://turfmonstersaz.com,https://www.yelp.com/biz/turf-monsters-phoenix,4,"Established business with professional website, active on Yelp with good reviews, specializes in artificial turf which is high-value service, 4-hour response time indicates they may need better lead management",,,
Window Cleaning,Streak Patrol,,4 days,(480) 869-0179,https://streakpatrol.com,https://www.yelp.com/biz/streak-patrol-phoenix-2,5,"Very slow response time of 4 days indicates poor lead management system, established business since 2012 with professional website, family-owned local business likely needs better customer acquisition tools",Mikep@streakpatrol.com,,Mikep@streakpatrol.com; info@streakpatrol.com
Shades & Blinds,Window Pros AZ,,3 hours,(602) 626-3705,,https://www.yelp.com/biz/window-pros-az-phoenix-2,4,Established business with good response time and active Yelp presence in growing Phoenix market,,,
Landscaping,Nevarez Landscape,,2 days,(480) 558-6293,https://nevarezlandscapeservices.com,https://www.yelp.com/biz/nevarez-landscape-phoenix,5,"Very slow response time (2 days) indicates high need for automation and lead management solutions, established business with website",info@nevarezlandscapeservices.com,,info@nevarezlandscapeservices.com
Shades & Blinds,Phoenix Shutters and Blinds,Window Pros,Under 2 hours,602-491-2241,https://www.phoenixblindsshuttersshades.com/,https://www.yelp.com/biz/phoenix-shutters-and-blinds-phoenix,4,"Established business with professional website, offers free consultations, serves multiple Phoenix areas, and specializes in custom window treatments - high potential for B2B services",,,
Handyman,Anthem Handyman Services,Tom J. (Tom Janko),12 hrs,,,https://www.yelp.com/biz/anthem-handyman-services-anthem-3,4,"High-rated handyman service (5.0 stars, 11 reviews) with excellent response time and professional owner. Serves Anthem area with various home services including appliance installation, door repair, furniture assembly. Strong customer testimonials indicate quality work and reliability.",,,
Landscaping/Artificial Turf,Turf Monsters,Mike F.,2 hrs,(623) 780-7535,Not available,https://www.yelp.com/biz/turf-monsters-phoenix,4,"Established landscaping company (4.3 stars, 142 reviews) specializing in artificial turf installation, landscape lighting, custom putting greens, and patio pavers. Family-owned business since 2016 with certified professionals. Good response time and strong portfolio of work.",,,
Countertop Installation,MAJ Countertops,Jonathan G.,1 day,(480) 650-6156,,https://www.yelp.com/biz/maj-countertops-phoenix-2,4,"Family-owned countertop business with 12 years experience, good reviews (4.8 stars), active on Yelp with recent customer interactions, serves Phoenix area, likely needs marketing services for lead generation",,,
Landscaping/Artificial Turf,Turf Monsters,Mike F.,2 hrs,,,https://www.yelp.com/biz/turf-monsters-phoenix,3,"Family-owned landscaping business specializing in artificial turf, mixed reviews with some customer service issues, 4.3 stars with 142 reviews, may need better lead management and customer service systems",,,
Handyman/Plumbing/Electricians,Fix It All Handyman Services,Omar W.,2 hrs,(602) 754-0222,Not available,https://www.yelp.com/biz/fix-it-all-handyman-services-scottsdale-4,4,"High-rated handyman service (4.8 stars) with excellent response time, serves multiple categories including plumbing and electrical work, owner-operated business with 15+ years experience, actively seeking new customers with free estimates",,,
Handyman/Plumbing/Electrical,Fix It All Handyman Services,Omar W.,2 hrs,(602) 754-0222,,https://www.yelp.com/biz/fix-it-all-handyman-services-scottsdale-4,4,"High rating (4.8 stars), excellent response time, established business owner with 15 years experience, serves multiple trades which indicates growth potential",,,
Handyman/Roofing/Pressure Washing,iFixPhx,,4 hrs,,,https://www.yelp.com/biz/ifixphx-glendale,4,"Licensed and bonded handyman with 4hr response time, serves multiple home service categories, verified license, good reviews (5.0 stars), established business with portfolio",,,
Handyman,Handyman Pro Solutions,Pepe R.,3 days,(480) 369-8794,Not available,https://www.yelp.com/biz/handyman-pro-solutions-phoenix-2,3,"Established handyman with 20+ years experience, good reviews (5.0 stars), but slow response time (3 days) may indicate less urgency for new business",,,
Handyman/Drywall/Lighting,AZ Home Repair Specialists,Steve B.,4 hrs,,,https://www.yelp.com/biz/az-home-repair-specialists-phoenix,4,"Established handyman business with 4.6 rating and 27 reviews, owner actively responds to reviews, serves Phoenix area, has 4-hour response time which indicates good availability for new customers",,,
Plumbing/Water Heater/Water Purification,Capstone Plumbing,Erica S. (Business Manager),1 day,,,https://www.yelp.com/biz/capstone-plumbing-cave-creek,4,"Established plumbing company with 25+ years experience, 5.0 rating, family-owned business, serves Cave Creek area, has 1-day response time indicating good availability for new customers",office@capstone-plumbing.com,,office@capstone-plumbing.com
Landscaping,Envirogreen Landscape Design - Build,Grayson or Sean M.,3 hrs,(602) 403-0311,Not provided,https://www.yelp.com/biz/envirogreen-landscape-design-build-scottsdale,4,"Established 2001, 20+ years in business, 4.9 rating with 75 reviews, does not sub-contract work, in-house team, high-quality work with referral-based business model",info.envirogreenaz@gmail.com,,info.envirogreenaz@gmail.com
Shades & Blinds,Arizona Blinds Company,Jack K.,1 day,(623) 900-1316,Not provided,https://www.yelp.com/biz/arizona-blinds-company-phoenix-6,4,"Family-owned local business established 2023, 4.9 rating with 30 reviews, verified license, specializes in custom blinds/shades/shutters, competitive pricing, excellent customer service, in-house installation team",hello@arizonablindscompany.com,,hello@arizonablindscompany.com
Handyman,AZ Home Repair Specialists,,4 hours,,,https://www.yelp.com/biz/az-home-repair-specialists-phoenix,3,"Established handyman service with good reviews and fast response time, but limited to non-licensed work which may restrict scope of projects",,,
Plumbing,Capstone Plumbing,,1 day,,,https://www.yelp.com/biz/capstone-plumbing-cave-creek,2,Plumbing specialist with excellent reviews but very slow response time of 1 day may indicate capacity issues,office@capstone-plumbing.com,,office@capstone-plumbing.com
Handyman,Hammertime Handyman Services,,2 days,,,https://www.yelp.com/biz/hammertime-handyman-services-tempe-5,2,Highly rated handyman with many reviews but 2-day response time suggests they may be at capacity,,,
Landscaping,Envirogreen Landscape Design - Build,,3 hours,,,https://www.yelp.com/biz/envirogreen-landscape-design-build-scottsdale,4,Highly rated landscape design company with excellent responses and 3-hour response time indicates good availability and professional service,info.envirogreenaz@gmail.com,,info.envirogreenaz@gmail.com
Window Cleaning,Your Window Guy,,4 hours,,,https://www.yelp.com/biz/your-window-guy-phoenix,4,Highly rated window cleaning service with excellent responses and 4-hour response time shows good responsiveness and professional standards,,,
General Contractors,AZ Remodel Pros,,5 hours,,,https://www.yelp.com/biz/az-remodel-pros-phoenix,4,"Licensed general contractor with good reviews and 5-hour response time, offers comprehensive remodeling services with verified license",azremodelpros@gmail.com,,azremodelpros@gmail.com
Landscapers,Salvador Landscaping,,2 hours,,,https://www.yelp.com/biz/salvador-landscaping-phoenix,3,2-hour response time meets threshold but no website or phone info limits engagement potential. Landscaping businesses with minimal online presence may have lower conversion rates.,,,
Window Cleaning,Your Window Guy,,4 hours,,,https://www.yelp.com/biz/your-window-guy-phoenix,4,4-hour response time exceeds threshold. 4.9 rating with 17 reviews shows strong reputation. Window cleaning is recurring service with good profit margins. Excellent responses rating indicates reliability.,,,
Contractors,AZ Remodel Pros,Scott,4 hours,,AzRemodelPros.com,https://www.yelp.com/biz/az-remodel-pros-phoenix,5,4-hour response time exceeds threshold. 4.6 rating with 23 reviews. Has website indicating professional operation. General contracting has high-value projects. Yelp Guaranteed badge shows credibility. Strong candidate for B2B sales.,azremodelpros@gmail.com,,azremodelpros@gmail.com
Contractors,Marshall Renovations,John,3 hours,,,https://www.yelp.com/biz/marshall-renovations-tempe,4,3-hour response time exceeds threshold. 4.8 rating with 10 reviews shows excellent quality. Yelp Guaranteed and Verified License badges indicate professionalism. Offers payment plans. Good prospect for high-value remodeling projects.,,,
Landscaping,Nico's Landscaping,Ruben T.,4 hours,,,https://www.yelp.com/biz/nicos-landscaping-avondale-3,4,"Established landscaping company with 4.9 rating and 59 reviews, offers multiple services (artificial turf, irrigation, landscaping), has slow response time indicating potential capacity issues but strong reputation suggests they may be interested in additional business opportunities.",,,
Landscaping,Salvador Landscaping,,3 hours,,,https://www.yelp.com/biz/salvador-landscaping-phoenix,4,"Highly rated landscaping company (5.0 rating, 17 reviews), offers landscaping services, 3-hour response time indicates they may have capacity for additional work.",,,
Landscaping,Turf Monsters,,4 hours,,,https://www.yelp.com/biz/turf-monsters-phoenix,4,"Well-established landscaping company (4.3 rating, 142 reviews), family-owned with certified professionals, 4-hour response time suggests capacity for growth.",,,
Window Cleaning,Your Window Guy,,4 hours,,,https://www.yelp.com/biz/your-window-guy-phoenix,4,"Highly rated window cleaning service (4.9 rating, 17 reviews), excellent responses rating, 4-hour response time indicates they may have capacity for additional work.",,,
General Contractors,AZ Remodel Pros,,5 hours,,,https://www.yelp.com/biz/az-remodel-pros-phoenix,4,"Established general contractor (4.6 rating, 23 reviews), Yelp Guaranteed, verified license, family-owned, 5-hour response time indicates they may have capacity for additional projects.",azremodelpros@gmail.com,,azremodelpros@gmail.com
Landscaping,Nico's Landscaping,,4 hrs,,,https://www.yelp.com/biz/nicos-landscaping-avondale-3,4,"Established landscaping company with 4.9 rating and 59 reviews, good response time for follow-up, likely to invest in marketing services",,,
Landscaping,Salvador Landscaping,,3 hrs,,,https://www.yelp.com/biz/salvador-landscaping-phoenix,4,"Highly rated (5.0) landscaping company with excellent responses, strong candidate for service upgrades",,,
Landscaping,Turf Monsters,,4 hrs,,,https://www.yelp.com/biz/turf-monsters-phoenix,4,"Established landscaping company with 4.3 rating and 144 reviews, certified professionals, good prospect for expansion services",,,
Contractors,Marshall Renovations,,3 hrs,,,https://www.yelp.com/biz/marshall-renovations-tempe,4,"General contractor with 4.8 rating, verified license, offers payment plans, good prospect for business services",,,
Contractors,Rebuild Arizona Construction,,8 hrs,,,https://www.yelp.com/biz/rebuild-arizona-construction-phoenix-2,3,"General contractor with 4.7 rating and 69 reviews, verified license, but slower response time may indicate capacity constraints",,,
Contractors,Hdz Carpentry,Richard Hernandez,6 hours,602-582-4535,,https://www.yelp.com/biz/hdz-carpentry-phoenix,4,6-hour response time exceeds threshold. 4.7 rating with 13 reviews shows good quality. Verified License and certified professionals. Family-owned & operated with 20+ years experience. Offers free estimates. Good prospect for home improvement services.,,,
Landscape Contractor,Reparo Landscaping,Not provided,4 hours,Not provided,Not provided,https://www.yelp.com/biz/reparo-landscaping-glendale-2,4,Family-owned and operated landscaping company with excellent reviews and quick turnaround. 4-hour response time indicates active engagement with customers. Good prospect for service partnerships.,,,
Window Cleaning,Streak Patrol,Not provided,2 hours,Not provided,Not available,https://www.yelp.com/biz/streak-patrol-phoenix-2,4,"4.9 rating with 222 reviews, extensive experience in window cleaning and solar panel cleaning, response time of exactly 2 hours meets threshold. Excellent prospect with strong reputation.",Mikep@streakpatrol.com,,Mikep@streakpatrol.com; info@streakpatrol.com
Landscaping,Turf Monsters,Not provided,6 hours,Not provided,Not available,https://www.yelp.com/biz/turf-monsters-phoenix,4,"4.3 rating with 141 reviews, family-owned with certified professionals, 20+ years in business, offers artificial turf, hardscaping, and landscape design. Response time of 6 hours exceeds 2-hour threshold. Strong prospect.",,,
Landscaping,Envirogreen Landscape Design - Build,,2 hrs,,,https://www.yelp.com/biz/envirogreen-landscape-design-build-scottsdale,4,"Established landscape design company with 4.9 rating and 75 reviews, certified professionals, locally owned, good response time for high-value projects",info.envirogreenaz@gmail.com,,info.envirogreenaz@gmail.com
Landscaping,Salvador Landscaping,,5 hrs,,,https://www.yelp.com/biz/salvador-landscaping-phoenix,3,"5.0 rating with 17 reviews, Yelp Guaranteed, responsive but slower response time may indicate smaller operation",,,
Landscaping,Nico's Landscaping,,6 hrs,,,https://www.yelp.com/biz/nicos-landscaping-avondale-3,3,"4.9 rating with 60 reviews, Yelp Guaranteed, serves Avondale area, longer response time suggests capacity constraints",,,
Window Cleaning,Sky View Window Cleaning,Luis,2 hrs,,,https://www.yelp.com/biz/sky-view-window-cleaning-phoenix-4,4,"Family-owned business with 19+ years experience, responsive, good for recurring service contracts",,,
Window Cleaning,Clear as Days,,3 hrs,,,https://www.yelp.com/biz/clear-as-days-glendale,3,"Veteran-owned, eco-friendly, 5.0 rating but only 1 review, newer business with potential",,,
Window Cleaning,Blackjacket Surface Cleaning And Soft Wash,,2 hrs,,,https://www.yelp.com/biz/blackjacket-surface-cleaning-and-soft-wash-phoenix,3,"Locally owned, 8 years in business, offers commercial and residential services, good for expansion",,,
General Contractors,R H Design & Build,,5 hrs,,,https://www.yelp.com/biz/r-h-design-and-build-scottsdale,4,"5.0 rating with 6 reviews, verified license, family-owned, luxury projects, good for high-value contracts",,,
General Contractors/Handyman,Rebuild Arizona Construction,Maisa A.,8 hrs,602-574-1100,Not available,https://www.yelp.com/biz/rebuild-arizona-construction-phoenix-2,4,"Established contractor with strong reviews and verified license, responsive to customer needs, family-owned business with good track record",,,
Landscaping,Nico's Landscaping,Not available,6 hrs,Not available,Not available,https://www.yelp.com/biz/nicos-landscaping-avondale-3,3,"Good ratings (4.9 stars) but slower response time (6 hrs), serves Avondale area, irrigation and landscaping services",,,
Landscaping,Salvador Landscaping,Not available,5 hrs,Not available,Not available,https://www.yelp.com/biz/salvador-landscaping-phoenix,3,"Excellent ratings (5.0 stars), 5 hour response time, serves Phoenix area, quick and responsive service noted in reviews",,,
Landscaping,Nevarez Landscape,Not available,3 hrs,Not available,Not available,https://www.yelp.com/biz/nevarez-landscape-phoenix,4,"Strong ratings (4.7 stars), 3 hour response time, serves Phoenix area, professional landscaper with good work ethic noted in reviews",info@nevarezlandscapeservices.com,,info@nevarezlandscapeservices.com
Window Cleaning,Streak Patrol,Not available,3 hrs,Not available,Not available,https://www.yelp.com/biz/streak-patrol-phoenix-2,4,"Excellent ratings (4.9 stars with 222 reviews), 3 hour response time, serves Phoenix area, highly recommended window cleaning service",Mikep@streakpatrol.com,,Mikep@streakpatrol.com; info@streakpatrol.com
Windows and Doors,Vision Windows & Doors,Craig H.,2 hrs,(602) 430-7614,,https://www.yelp.com/biz/vision-windows-and-doors-phoenix-3,4,Established window and door contractor with 4.5 star rating and 40 reviews. Response time of 2 hours meets criteria. Good online presence and professional services.,,,
Handyman,Five Star Handyman Services,Tom M.,3 hrs,(480) 797-5499,,https://www.yelp.com/biz/five-star-handyman-services-scottsdale-13,4,"Established handyman with 25 years in business, excellent reviews, certified professionals, strong local presence",,,
Handyman,Anthem Handyman Services,,6 hrs,,,https://www.yelp.com/biz/anthem-handyman-services-anthem-3,3,"Good ratings with 5.0 stars, but limited reviews (11). Slower response time may indicate smaller operation or limited availability",,,
Landscaping,Nico's Landscaping,,6 hrs,,,https://www.yelp.com/biz/nicos-landscaping-avondale-3,4,"Excellent 4.9 star rating with 60 reviews, Yelp Guaranteed, strong reputation in landscaping services",,,
Landscaping,Envirogreen Landscape Design - Build,,3 hrs,,,https://www.yelp.com/biz/envirogreen-landscape-design-build-scottsdale,4,"Excellent 4.9 star rating with 76 reviews, locally owned, certified professionals. Strong reputation for landscape design and build services",info.envirogreenaz@gmail.com,,info.envirogreenaz@gmail.com
Landscaping,KO's Landscaping,,4 hrs,,,https://www.yelp.com/biz/kos-landscaping-glendale-4,4,"Established landscaper with 4.2 rating and 66 reviews, offering comprehensive landscaping services in Phoenix metro area with proven track record",,,
Window Cleaning,Streak Patrol,,3 hrs,,,https://www.yelp.com/biz/streak-patrol-phoenix-2,4,"Highly rated window cleaning service (4.9 stars, 223 reviews) with strong customer base and established reputation in Phoenix",Mikep@streakpatrol.com,,Mikep@streakpatrol.com; info@streakpatrol.com
Contractors,Hdz Carpentry,,5 hrs,,,https://www.yelp.com/biz/hdz-carpentry-phoenix,3,"General contractor with 4.7 rating and 13 reviews, family-owned with verified license but smaller review base suggests newer or smaller operation",,,
Contractors,Rebuild Arizona Construction,,7 hrs,,,https://www.yelp.com/biz/rebuild-arizona-construction-phoenix-2,4,"Full-service general contractor with 4.7 rating and 70 reviews, verified license, free estimates and emergency services available, strong market presence",,,
Contractors,R H Design & Build,,5 hrs,,,https://www.yelp.com/biz/r-h-design-and-build-scottsdale,3,"Luxury contractor with 5.0 rating but only 6 reviews, family-owned with verified license, serves high-end market segment with limited review volume",,,
Shades & Blinds,Boyd's Blinds,,3 hrs,,,https://www.yelp.com/biz/boyds-blinds-phoenix,4,"Highly rated shades and blinds specialist (4.9 stars, 105 reviews) with free estimates and customized solutions, strong market presence in Phoenix",,,
Landscapers,Nevarez Landscape,Hector N.,3 hrs,,,https://www.yelp.com/biz/nevarez-landscape-phoenix,4,"Highly rated (4.7 stars, 84 reviews) family-owned landscaping company with 3-hour response time. Yelp advertiser indicates active marketing. Strong customer satisfaction and professional reputation suggest good potential for service upgrades.",info@nevarezlandscapeservices.com,,info@nevarezlandscapeservices.com
Landscapers,Nico's Landscaping,,6 hrs,,,https://www.yelp.com/biz/nicos-landscaping-avondale-3,3,"Highly rated (4.9 stars, 60 reviews) landscaping company with 6-hour response time. Yelp Guaranteed advertiser. Slower response time may indicate capacity constraints but strong ratings suggest quality work.",,,
Landscaping,Envirogreen Landscape Design - Build,Grayson or Sean M.,3 hrs,(602) 403-0311,,https://www.yelp.com/biz/envirogreen-landscape-design-build-scottsdale,4,"Established 20+ years, excellent reviews (4.9), certified professionals, locally owned, strong portfolio and customer referrals indicate high quality and reliability for home services",info.envirogreenaz@gmail.com,,info.envirogreenaz@gmail.com
Landscaping,Salvador Landscaping,,5 hrs,,,https://www.yelp.com/biz/salvador-landscaping-phoenix,3,"Good reviews (5.0), responsive to inquiries, smaller operation with fewer reviews suggests newer or smaller business, potential growth opportunity",,,
Window Cleaning,Streak Patrol,,1 day,,,https://www.yelp.com/biz/streak-patrol-phoenix-2,4,"Excellent reviews (4.9 with 223 reviews), established business with strong reputation, high volume of quote requests indicates strong market demand and customer satisfaction",Mikep@streakpatrol.com,,Mikep@streakpatrol.com; info@streakpatrol.com
Shades & Blinds,Boyd's Blinds,,3 hrs,,,https://www.yelp.com/biz/boyds-blinds-phoenix,4,"Excellent reviews (4.9 with 105 reviews), offers customized solutions and free estimates, high volume of quote requests (151), established business with strong customer satisfaction",,,
Shades & Blinds,Arizona Blinds Company,,1 day,,,https://www.yelp.com/biz/arizona-blinds-company-phoenix-6,3,"Good reviews (4.9 with 32 reviews), verified license, free estimates, locally owned, smaller review base suggests newer or smaller operation with growth potential",hello@arizonablindscompany.com,,hello@arizonablindscompany.com
Handyman,Garcia's Handyman,Jesús Garcia,9 hrs,,,https://www.yelp.com/biz/garcias-handyman-phoenix-2,4,"9-hour response time signals slow lead follow-up — may benefit from CRM/marketing tools. Owner-operated with 20 years experience, Yelp Guaranteed badge, active profile. High potential for outreach.",,,
Home Organization / Concierge Services,Busy Bees Concierge & Home Services,Cheryl Fraeger,5 hrs,,,https://www.yelp.com/biz/busy-bees-concierge-and-home-services-scottsdale-2,3,"5-hour response time above threshold. Concierge/home organization niche, only 4 reviews — smaller operation. May benefit from scheduling or lead gen tools but lower volume business.",,,
HVAC/Plumbing,Rite Way,R. Walter W.,7 hours,(602) 889-8600,ritewayaz.com,https://www.yelp.com/biz/rite-way-gilbert-2,4,Long response time (7 hrs) on Yelp despite being a large established company suggests they may need better lead management tools. High review count (69) and active business owner indicates engagement. Good candidate for outreach.,,,
Flooring,HM Flooring Group,Oscar M.,1 day,(602) 767-2500,hmflooringgroup.com,https://www.yelp.com/biz/hm-flooring-group-phoenix,3,1-day response time on Yelp for a flooring company with 37 reviews. Family-owned business established 1982. Slow response may indicate they lack digital lead follow-up tools. Moderate prospect.,,,
Window Cleaning,Sonoran Window Cleaning,,5 hours,(480) 493-2484,sonoranwindowcleaning.com,https://www.yelp.com/biz/sonoran-window-cleaning-phoenix,4,"5-hour response time indicates need for faster lead response automation, established business with website and good Yelp presence",,,
Window Cleaning,Doherty Bros Window Pros,,4 days,(602) 603-5337,,https://www.yelp.com/biz/doherty-bros-window-pros-phoenix,5,Extremely slow response time (4 days) indicates critical need for lead response automation and customer service improvements,info@dohertybroswindowpros.com,,info@dohertybroswindowpros.com
Handyman,Dan the Handyman,,5 hours,(480) 408-5601,,https://www.yelp.com/biz/dan-the-handyman-phoenix,4,5-hour response time with 100% response rate indicates busy handyman who could benefit from lead response automation to capture more opportunities,,,
Handyman,Handyman Connection of Phoenix,,6 hours,(602) 313-1336,,https://www.yelp.com/biz/handyman-connection-of-phoenix-phoenix-7,4,6-hour response time with 100% response rate indicates established franchise business that could benefit from faster lead response automation to compete better,,,
